"","week","temp","stationName"
"2",2017-01-01,-1.42857142857143,"Burnaby North Eton"
"3",2017-01-08,-0.757142857142857,"Burnaby North Eton"
"4",2017-01-15,5.21428571428571,"Burnaby North Eton"
"5",2017-01-22,3.98571428571429,"Burnaby North Eton"
"6",2017-01-29,1.95714285714286,"Burnaby North Eton"
"7",2017-02-05,0.385714285714286,"Burnaby North Eton"
"8",2017-02-12,6.3,"Burnaby North Eton"
"9",2017-02-19,3.02857142857143,"Burnaby North Eton"
"10",2017-02-26,2.87142857142857,"Burnaby North Eton"
"11",2017-03-05,2.44285714285714,"Burnaby North Eton"
"12",2017-03-12,6.32857142857143,"Burnaby North Eton"
"13",2017-03-19,6.45714285714286,"Burnaby North Eton"
"14",2017-03-26,6.42857142857143,"Burnaby North Eton"
"15",2017-04-02,7.25714285714286,"Burnaby North Eton"
"16",2017-04-09,6.94285714285714,"Burnaby North Eton"
"17",2017-04-16,9.6,"Burnaby North Eton"
"18",2017-04-23,8.62857142857143,"Burnaby North Eton"
"19",2017-04-30,10.8142857142857,"Burnaby North Eton"
"20",2017-05-07,10.1857142857143,"Burnaby North Eton"
"21",2017-05-14,10.7714285714286,"Burnaby North Eton"
"22",2017-05-21,16.1,"Burnaby North Eton"
"23",2017-05-28,15.2857142857143,"Burnaby North Eton"
"24",2017-06-04,14.8,"Burnaby North Eton"
"25",2017-06-11,13.3714285714286,"Burnaby North Eton"
"26",2017-06-18,16.1714285714286,"Burnaby North Eton"
"27",2017-06-25,18.4857142857143,"Burnaby North Eton"
"28",2017-07-02,18.6571428571429,"Burnaby North Eton"
"29",2017-07-09,17.8285714285714,"Burnaby North Eton"
"30",2017-07-16,17.4,"Burnaby North Eton"
"31",2017-07-23,18.6142857142857,"Burnaby North Eton"
"32",2017-07-30,20.7571428571429,"Burnaby North Eton"
"33",2017-08-06,20.6428571428571,"Burnaby North Eton"
"34",2017-08-13,17.1285714285714,"Burnaby North Eton"
"35",2017-08-20,18.1285714285714,"Burnaby North Eton"
"36",2017-08-27,20.3285714285714,"Burnaby North Eton"
"37",2017-09-03,20.3428571428571,"Burnaby North Eton"
"38",2017-09-10,NA,"Burnaby North Eton"
"39",2017-09-17,12.6285714285714,"Burnaby North Eton"
"40",2017-09-24,15.6714285714286,"Burnaby North Eton"
"41",2017-10-01,11.7857142857143,"Burnaby North Eton"
"42",2017-10-08,8.65714285714286,"Burnaby North Eton"
"43",2017-10-15,9.82857142857143,"Burnaby North Eton"
"44",2017-10-22,10.9714285714286,"Burnaby North Eton"
"45",2017-10-29,6.55714285714286,"Burnaby North Eton"
"46",2017-11-05,5.92857142857143,"Burnaby North Eton"
"47",2017-11-12,7.6,"Burnaby North Eton"
"48",2017-11-19,8.47142857142857,"Burnaby North Eton"
"49",2017-11-26,6.02857142857143,"Burnaby North Eton"
"50",2017-12-03,2.57142857142857,"Burnaby North Eton"
"51",2017-12-10,5,"Burnaby North Eton"
"52",2017-12-17,2.22857142857143,"Burnaby North Eton"
"53",2017-12-24,0.857142857142857,"Burnaby North Eton"
"54",2017-12-31,0.5,"Burnaby North Eton"
"55",2018-01-07,4.36923076923077,"Burnaby North Eton"
"56",2018-01-14,6.72857142857143,"Burnaby North Eton"
"57",2018-01-21,5.3,"Burnaby North Eton"
"58",2018-01-28,5.85714285714286,"Burnaby North Eton"
"59",2018-02-04,7.07142857142857,"Burnaby North Eton"
"60",2018-02-11,2.7,"Burnaby North Eton"
"61",2018-02-18,-1.31428571428571,"Burnaby North Eton"
"62",2018-02-25,4.15714285714286,"Burnaby North Eton"
"63",2018-03-04,NA,"Burnaby North Eton"
"64",2018-03-11,NA,"Burnaby North Eton"
"65",2018-03-18,NA,"Burnaby North Eton"
"66",2018-03-25,NA,"Burnaby North Eton"
"67",2018-04-01,NA,"Burnaby North Eton"
"68",2018-04-08,NA,"Burnaby North Eton"
"69",2018-04-15,NA,"Burnaby North Eton"
"70",2018-04-22,13.0142857142857,"Burnaby North Eton"
"71",2018-04-29,12.4285714285714,"Burnaby North Eton"
"72",2018-05-06,15.1142857142857,"Burnaby North Eton"
"73",2018-05-13,17.7,"Burnaby North Eton"
"74",2018-05-20,16.2857142857143,"Burnaby North Eton"
"75",2018-05-27,14.5,"Burnaby North Eton"
"76",2018-06-03,13.4714285714286,"Burnaby North Eton"
"77",2018-06-10,14.1428571428571,"Burnaby North Eton"
"78",2018-06-17,20.1428571428571,"Burnaby North Eton"
"79",2018-06-24,15.7714285714286,"Burnaby North Eton"
"80",2018-07-01,18.0428571428571,"Burnaby North Eton"
"81",2018-07-08,18.5285714285714,"Burnaby North Eton"
"82",2018-07-15,19.5714285714286,"Burnaby North Eton"
"83",2018-07-22,22.7714285714286,"Burnaby North Eton"
"84",2018-07-29,20.6857142857143,"Burnaby North Eton"
"85",2018-08-05,22.8857142857143,"Burnaby North Eton"
"86",2018-08-12,18.9857142857143,"Burnaby North Eton"
"87",2018-08-19,18.3857142857143,"Burnaby North Eton"
"88",2018-08-26,16.5,"Burnaby North Eton"
"89",2018-09-02,17.2142857142857,"Burnaby North Eton"
"90",2018-09-09,13.7857142857143,"Burnaby North Eton"
"91",2018-09-16,12.8285714285714,"Burnaby North Eton"
"92",2018-09-23,13.8,"Burnaby North Eton"
"93",2018-09-30,10.2285714285714,"Burnaby North Eton"
"94",2018-10-07,10.9714285714286,"Burnaby North Eton"
"95",2018-10-14,11.5,"Burnaby North Eton"
"96",2018-10-21,11.3,"Burnaby North Eton"
"97",2018-10-28,10.3428571428571,"Burnaby North Eton"
"98",2018-11-04,7.67142857142857,"Burnaby North Eton"
"99",2018-11-11,NA,"Burnaby North Eton"
"100",2018-11-18,6.54285714285714,"Burnaby North Eton"
"101",2018-11-25,7.85714285714286,"Burnaby North Eton"
"102",2018-12-02,1.97142857142857,"Burnaby North Eton"
"103",2018-12-09,6.57142857142857,"Burnaby North Eton"
"104",2018-12-16,7.01428571428571,"Burnaby North Eton"
"105",2018-12-23,4.1,"Burnaby North Eton"
"106",2018-12-30,3.05,"Burnaby North Eton"
"107",2019-01-06,6.05833333333333,"Burnaby North Eton"
"108",2019-01-13,5.35714285714286,"Burnaby North Eton"
"109",2019-01-20,5,"Burnaby North Eton"
"110",2019-01-27,NA,"Burnaby North Eton"
"111",2019-02-03,-1.55714285714286,"Burnaby North Eton"
"112",2019-02-10,-0.571428571428571,"Burnaby North Eton"
"113",2019-02-17,2.11428571428571,"Burnaby North Eton"
"114",2019-02-24,2.45714285714286,"Burnaby North Eton"
"115",2019-03-03,2.18571428571429,"Burnaby North Eton"
"116",2019-03-10,5.57142857142857,"Burnaby North Eton"
"117",2019-03-17,11.6428571428571,"Burnaby North Eton"
"118",2019-03-24,9.64285714285714,"Burnaby North Eton"
"119",2019-03-31,11.2714285714286,"Burnaby North Eton"
"120",2019-04-07,8.31428571428571,"Burnaby North Eton"
"121",2019-04-14,9.25714285714286,"Burnaby North Eton"
"122",2019-04-21,9.85714285714286,"Burnaby North Eton"
"123",2019-04-28,11.5142857142857,"Burnaby North Eton"
"124",2019-05-05,16.4857142857143,"Burnaby North Eton"
"125",2019-05-12,13.9428571428571,"Burnaby North Eton"
"126",2019-05-19,14.6,"Burnaby North Eton"
"127",2019-05-26,17.6,"Burnaby North Eton"
"128",2019-06-02,14.6142857142857,"Burnaby North Eton"
"129",2019-06-09,18.5142857142857,"Burnaby North Eton"
"130",2019-06-16,16.6285714285714,"Burnaby North Eton"
"131",2019-06-23,15.5428571428571,"Burnaby North Eton"
"132",2019-06-30,16.9714285714286,"Burnaby North Eton"
"133",2019-07-07,17.6142857142857,"Burnaby North Eton"
"134",2019-07-14,17.7428571428571,"Burnaby North Eton"
"135",2019-07-21,20.0714285714286,"Burnaby North Eton"
"136",2019-07-28,19.2714285714286,"Burnaby North Eton"
"137",2019-08-04,20.2428571428571,"Burnaby North Eton"
"138",2019-08-11,18.6,"Burnaby North Eton"
"139",2019-08-18,17.5,"Burnaby North Eton"
"140",2019-08-25,19.1857142857143,"Burnaby North Eton"
"141",2019-09-01,19.0428571428571,"Burnaby North Eton"
"142",2019-09-08,15.8142857142857,"Burnaby North Eton"
"143",2019-09-15,14.0571428571429,"Burnaby North Eton"
"144",2019-09-22,12.6714285714286,"Burnaby North Eton"
"145",2019-09-29,10.7714285714286,"Burnaby North Eton"
"146",2019-10-06,8.38571428571429,"Burnaby North Eton"
"147",2019-10-13,9.62857142857143,"Burnaby North Eton"
"148",2019-10-20,9.1,"Burnaby North Eton"
"149",2019-10-27,NA,"Burnaby North Eton"
"150",2019-11-03,NA,"Burnaby North Eton"
"151",2019-11-10,NA,"Burnaby North Eton"
"152",2019-11-17,6.82857142857143,"Burnaby North Eton"
"153",2019-11-24,3.21428571428571,"Burnaby North Eton"
"154",2019-12-01,5.75714285714286,"Burnaby North Eton"
"155",2019-12-08,5.5,"Burnaby North Eton"
"156",2019-12-15,NA,"Burnaby North Eton"
"157",2019-12-22,3.57142857142857,"Burnaby North Eton"
"158",2019-12-29,6.93333333333333,"Burnaby North Eton"
"159",2020-01-05,4.87272727272727,"Burnaby North Eton"
"160",2020-01-12,-1.67142857142857,"Burnaby North Eton"
"161",2020-01-19,7.11428571428571,"Burnaby North Eton"
"162",2020-01-26,7,"Burnaby North Eton"
"163",2020-02-02,2.61428571428571,"Burnaby North Eton"
"164",2020-02-09,4.32857142857143,"Burnaby North Eton"
"165",2020-02-16,3.8,"Burnaby North Eton"
"166",2020-02-23,5.1,"Burnaby North Eton"
"167",2020-03-01,4.64285714285714,"Burnaby North Eton"
"168",2020-03-08,3.58571428571429,"Burnaby North Eton"
"169",2020-03-15,6.07142857142857,"Burnaby North Eton"
"170",2020-03-22,6.01428571428571,"Burnaby North Eton"
"171",2020-03-29,5.7,"Burnaby North Eton"
"172",2020-04-05,8.8,"Burnaby North Eton"
"173",2020-04-12,11.1428571428571,"Burnaby North Eton"
"174",2020-04-19,11.3857142857143,"Burnaby North Eton"
"175",2020-04-26,11.0142857142857,"Burnaby North Eton"
"176",2020-05-03,NA,"Burnaby North Eton"
"177",2020-05-10,NA,"Burnaby North Eton"
"178",2020-05-17,NA,"Burnaby North Eton"
"179",2020-05-24,NA,"Burnaby North Eton"
"180",2020-05-31,12.9142857142857,"Burnaby North Eton"
"181",2020-06-07,13.8714285714286,"Burnaby North Eton"
"182",2020-06-14,15.1714285714286,"Burnaby North Eton"
"183",2020-06-21,17.5285714285714,"Burnaby North Eton"
"184",2020-06-28,14.6285714285714,"Burnaby North Eton"
"185",2020-07-05,15.9857142857143,"Burnaby North Eton"
"186",2020-07-12,18.0857142857143,"Burnaby North Eton"
"187",2020-07-19,19.0142857142857,"Burnaby North Eton"
"188",2020-07-26,21.7285714285714,"Burnaby North Eton"
"189",2020-08-02,18.6571428571429,"Burnaby North Eton"
"190",2020-08-09,17.4285714285714,"Burnaby North Eton"
"191",2020-08-16,20.5428571428571,"Burnaby North Eton"
"192",2020-08-23,16.8714285714286,"Burnaby North Eton"
"193",2020-08-30,17.2857142857143,"Burnaby North Eton"
"194",2020-09-06,19.6285714285714,"Burnaby North Eton"
"195",2020-09-13,16.5285714285714,"Burnaby North Eton"
"196",2020-09-20,15.0142857142857,"Burnaby North Eton"
"197",2020-09-27,15.9142857142857,"Burnaby North Eton"
"198",2020-10-04,14.1428571428571,"Burnaby North Eton"
"199",2020-10-11,10.0857142857143,"Burnaby North Eton"
"200",2020-10-18,7.95714285714286,"Burnaby North Eton"
"201",2020-10-25,7.42857142857143,"Burnaby North Eton"
"202",2020-11-01,9.27142857142857,"Burnaby North Eton"
"203",2020-11-08,3.77142857142857,"Burnaby North Eton"
"204",2020-11-15,7.15714285714286,"Burnaby North Eton"
"205",2020-11-22,5.95714285714286,"Burnaby North Eton"
"206",2020-11-29,5.75714285714286,"Burnaby North Eton"
"207",2020-12-06,6.4,"Burnaby North Eton"
"208",2020-12-13,5.78571428571429,"Burnaby North Eton"
"209",2020-12-20,3.88571428571429,"Burnaby North Eton"
"210",2020-12-27,4.82,"Burnaby North Eton"
"211",2021-01-03,6.28888888888889,"Burnaby North Eton"
"212",2021-01-10,7.18571428571429,"Burnaby North Eton"
"213",2021-01-17,4.07142857142857,"Burnaby North Eton"
"214",2021-01-24,3.77142857142857,"Burnaby North Eton"
"215",2021-01-31,5.37142857142857,"Burnaby North Eton"
"216",2021-02-07,-0.342857142857143,"Burnaby North Eton"
"217",2021-02-14,3.44285714285714,"Burnaby North Eton"
"218",2021-02-21,4.64285714285714,"Burnaby North Eton"
"219",2021-02-28,6.72857142857143,"Burnaby North Eton"
"220",2021-03-07,6.65714285714286,"Burnaby North Eton"
"221",2021-03-14,6.54285714285714,"Burnaby North Eton"
"222",2021-03-21,6.18571428571429,"Burnaby North Eton"
"223",2021-03-28,6.84285714285714,"Burnaby North Eton"
"224",2021-04-04,6.5,"Burnaby North Eton"
"225",2021-04-11,11.9714285714286,"Burnaby North Eton"
"226",2021-04-18,13,"Burnaby North Eton"
"227",2021-04-25,11.3142857142857,"Burnaby North Eton"
"228",2021-05-02,11.2142857142857,"Burnaby North Eton"
"229",2021-05-09,13.4285714285714,"Burnaby North Eton"
"230",2021-05-16,12.9571428571429,"Burnaby North Eton"
"231",2021-05-23,12.8857142857143,"Burnaby North Eton"
"232",2021-05-30,17.6714285714286,"Burnaby North Eton"
"233",2021-06-06,12.7571428571429,"Burnaby North Eton"
"234",2021-06-13,16.3714285714286,"Burnaby North Eton"
"235",2021-06-20,21.9857142857143,"Burnaby North Eton"
"236",2021-06-27,24.6285714285714,"Burnaby North Eton"
"237",2021-07-04,NA,"Burnaby North Eton"
"238",2021-07-11,19.2142857142857,"Burnaby North Eton"
"239",2021-07-18,19.3428571428571,"Burnaby North Eton"
"240",2021-07-25,22.2428571428571,"Burnaby North Eton"
"241",2021-08-01,21.2428571428571,"Burnaby North Eton"
"242",2021-08-08,22.1142857142857,"Burnaby North Eton"
"243",2021-08-15,18.0142857142857,"Burnaby North Eton"
"244",2021-08-22,16.5857142857143,"Burnaby North Eton"
"245",2021-08-29,15.7285714285714,"Burnaby North Eton"
"246",2021-09-05,18.1714285714286,"Burnaby North Eton"
"247",2021-09-12,13.5571428571429,"Burnaby North Eton"
"248",2021-09-19,14.8285714285714,"Burnaby North Eton"
"249",2021-09-26,12.5,"Burnaby North Eton"
"250",2021-10-03,10.1857142857143,"Burnaby North Eton"
"251",2021-10-10,8.68571428571429,"Burnaby North Eton"
"252",2021-10-17,10.7428571428571,"Burnaby North Eton"
"253",2021-10-24,9.34285714285714,"Burnaby North Eton"
"254",2021-10-31,8.75714285714286,"Burnaby North Eton"
"255",2021-11-07,7.4,"Burnaby North Eton"
"256",2021-11-14,5.6,"Burnaby North Eton"
"257",2021-11-21,6.28571428571429,"Burnaby North Eton"
"258",2021-11-28,7.9,"Burnaby North Eton"
"259",2021-12-05,3.62857142857143,"Burnaby North Eton"
"260",2021-12-12,2.75714285714286,"Burnaby North Eton"
"261",2021-12-19,1.24285714285714,"Burnaby North Eton"
"262",2021-12-26,-6.31666666666667,"Burnaby North Eton"
"263",2022-01-02,1.0625,"Burnaby North Eton"
"264",2022-01-09,6.92857142857143,"Burnaby North Eton"
"265",2022-01-16,5.94285714285714,"Burnaby North Eton"
"266",2022-01-23,2.15714285714286,"Burnaby North Eton"
"267",2022-01-30,3.87142857142857,"Burnaby North Eton"
"268",2022-02-06,6.05714285714286,"Burnaby North Eton"
"269",2022-02-13,6.45714285714286,"Burnaby North Eton"
"270",2022-02-20,1.51428571428571,"Burnaby North Eton"
"271",2022-02-27,7.15714285714286,"Burnaby North Eton"
"272",2022-03-06,4.94285714285714,"Burnaby North Eton"
"273",2022-03-13,6.6,"Burnaby North Eton"
"274",2022-03-20,7.37142857142857,"Burnaby North Eton"
"275",2022-03-27,8.62857142857143,"Burnaby North Eton"
"276",2022-04-03,8.1,"Burnaby North Eton"
"277",2022-04-10,5.77142857142857,"Burnaby North Eton"
"278",2022-04-17,8.14285714285714,"Burnaby North Eton"
"279",2022-04-24,9.1,"Burnaby North Eton"
"280",2022-05-01,9.67142857142857,"Burnaby North Eton"
"281",2022-05-08,8.75714285714286,"Burnaby North Eton"
"282",2022-05-15,11.2714285714286,"Burnaby North Eton"
"283",2022-05-22,13.3428571428571,"Burnaby North Eton"
"284",2022-05-29,14.7,"Burnaby North Eton"
"285",2022-06-05,14.6857142857143,"Burnaby North Eton"
"286",2022-06-12,13.8857142857143,"Burnaby North Eton"
"287",2022-06-19,16.0142857142857,"Burnaby North Eton"
"288",2022-06-26,19.2714285714286,"Burnaby North Eton"
"289",2022-07-03,16.9571428571429,"Burnaby North Eton"
"290",2022-07-10,19.0142857142857,"Burnaby North Eton"
"291",2022-07-17,18,"Burnaby North Eton"
"292",2022-07-24,24.2285714285714,"Burnaby North Eton"
"293",2022-07-31,19.9142857142857,"Burnaby North Eton"
"294",2022-08-07,20.7285714285714,"Burnaby North Eton"
"295",2022-08-14,22.3,"Burnaby North Eton"
"296",2022-08-21,20.6857142857143,"Burnaby North Eton"
"297",2022-08-28,20.8714285714286,"Burnaby North Eton"
"298",2022-09-04,17.3857142857143,"Burnaby North Eton"
"299",2022-09-11,16.7428571428571,"Burnaby North Eton"
"300",2022-09-18,16.2571428571429,"Burnaby North Eton"
"301",2022-09-25,NA,"Burnaby North Eton"
"302",2022-10-02,16.9,"Burnaby North Eton"
"303",2022-10-09,14.6142857142857,"Burnaby North Eton"
"304",2022-10-16,12.8428571428571,"Burnaby North Eton"
"305",2022-10-23,8.72857142857143,"Burnaby North Eton"
"306",2022-10-30,9.6,"Burnaby North Eton"
"308",2017-01-01,-1.84285714285714,"Burnaby South"
"309",2017-01-08,-1.07142857142857,"Burnaby South"
"310",2017-01-15,5,"Burnaby South"
"311",2017-01-22,3.97142857142857,"Burnaby South"
"312",2017-01-29,1.64285714285714,"Burnaby South"
"313",2017-02-05,-0.328571428571428,"Burnaby South"
"314",2017-02-12,6.37142857142857,"Burnaby South"
"315",2017-02-19,2.95714285714286,"Burnaby South"
"316",2017-02-26,2.4,"Burnaby South"
"317",2017-03-05,2.11428571428571,"Burnaby South"
"318",2017-03-12,6.08571428571429,"Burnaby South"
"319",2017-03-19,6.25714285714286,"Burnaby South"
"320",2017-03-26,6.24285714285714,"Burnaby South"
"321",2017-04-02,6.97142857142857,"Burnaby South"
"322",2017-04-09,7.02857142857143,"Burnaby South"
"323",2017-04-16,9.7,"Burnaby South"
"324",2017-04-23,8.54285714285714,"Burnaby South"
"325",2017-04-30,10.5714285714286,"Burnaby South"
"326",2017-05-07,10.1857142857143,"Burnaby South"
"327",2017-05-14,10.6714285714286,"Burnaby South"
"328",2017-05-21,16.6142857142857,"Burnaby South"
"329",2017-05-28,14.8428571428571,"Burnaby South"
"330",2017-06-04,14.5857142857143,"Burnaby South"
"331",2017-06-11,12.7142857142857,"Burnaby South"
"332",2017-06-18,16.5142857142857,"Burnaby South"
"333",2017-06-25,18.1857142857143,"Burnaby South"
"334",2017-07-02,18.2571428571429,"Burnaby South"
"335",2017-07-09,16.9571428571429,"Burnaby South"
"336",2017-07-16,17.7285714285714,"Burnaby South"
"337",2017-07-23,18.8571428571429,"Burnaby South"
"338",2017-07-30,21.8428571428571,"Burnaby South"
"339",2017-08-06,20.5285714285714,"Burnaby South"
"340",2017-08-13,17.2857142857143,"Burnaby South"
"341",2017-08-20,18.7714285714286,"Burnaby South"
"342",2017-08-27,21.4857142857143,"Burnaby South"
"343",2017-09-03,21.2,"Burnaby South"
"344",2017-09-10,17.4571428571429,"Burnaby South"
"345",2017-09-17,12.8571428571429,"Burnaby South"
"346",2017-09-24,16.0428571428571,"Burnaby South"
"347",2017-10-01,12.7142857142857,"Burnaby South"
"348",2017-10-08,8.81428571428571,"Burnaby South"
"349",2017-10-15,9.82857142857143,"Burnaby South"
"350",2017-10-22,11.7428571428571,"Burnaby South"
"351",2017-10-29,7.51428571428571,"Burnaby South"
"352",2017-11-05,6.22857142857143,"Burnaby South"
"353",2017-11-12,7.68571428571429,"Burnaby South"
"354",2017-11-19,8.62857142857143,"Burnaby South"
"355",2017-11-26,6.5,"Burnaby South"
"356",2017-12-03,3.95714285714286,"Burnaby South"
"357",2017-12-10,6.31428571428571,"Burnaby South"
"358",2017-12-17,2.94285714285714,"Burnaby South"
"359",2017-12-24,1.3,"Burnaby South"
"360",2017-12-31,1.3,"Burnaby South"
"361",2018-01-07,4.6,"Burnaby South"
"362",2018-01-14,7.34285714285714,"Burnaby South"
"363",2018-01-21,5.51428571428571,"Burnaby South"
"364",2018-01-28,6.24285714285714,"Burnaby South"
"365",2018-02-04,6.6,"Burnaby South"
"366",2018-02-11,3.51428571428571,"Burnaby South"
"367",2018-02-18,-0.371428571428571,"Burnaby South"
"368",2018-02-25,4.22857142857143,"Burnaby South"
"369",2018-03-04,5.47142857142857,"Burnaby South"
"370",2018-03-11,9.22857142857143,"Burnaby South"
"371",2018-03-18,6.54285714285714,"Burnaby South"
"372",2018-03-25,7.44285714285714,"Burnaby South"
"373",2018-04-01,7.61428571428571,"Burnaby South"
"374",2018-04-08,8.85714285714286,"Burnaby South"
"375",2018-04-15,8.94285714285714,"Burnaby South"
"376",2018-04-22,14.0714285714286,"Burnaby South"
"377",2018-04-29,12.5714285714286,"Burnaby South"
"378",2018-05-06,15.3285714285714,"Burnaby South"
"379",2018-05-13,17.4142857142857,"Burnaby South"
"380",2018-05-20,15.8428571428571,"Burnaby South"
"381",2018-05-27,14.2142857142857,"Burnaby South"
"382",2018-06-03,13.2285714285714,"Burnaby South"
"383",2018-06-10,14.3857142857143,"Burnaby South"
"384",2018-06-17,19.7,"Burnaby South"
"385",2018-06-24,15.4571428571429,"Burnaby South"
"386",2018-07-01,17.9571428571429,"Burnaby South"
"387",2018-07-08,19.2142857142857,"Burnaby South"
"388",2018-07-15,19.4571428571429,"Burnaby South"
"389",2018-07-22,22.6428571428571,"Burnaby South"
"390",2018-07-29,19.8428571428571,"Burnaby South"
"391",2018-08-05,22.5428571428571,"Burnaby South"
"392",2018-08-12,18.8285714285714,"Burnaby South"
"393",2018-08-19,18.6857142857143,"Burnaby South"
"394",2018-08-26,16.3142857142857,"Burnaby South"
"395",2018-09-02,17.4142857142857,"Burnaby South"
"396",2018-09-09,13.6857142857143,"Burnaby South"
"397",2018-09-16,12.8285714285714,"Burnaby South"
"398",2018-09-23,14.7571428571429,"Burnaby South"
"399",2018-09-30,10.5571428571429,"Burnaby South"
"400",2018-10-07,11.5857142857143,"Burnaby South"
"401",2018-10-14,13.1142857142857,"Burnaby South"
"402",2018-10-21,11.8571428571429,"Burnaby South"
"403",2018-10-28,10.2,"Burnaby South"
"404",2018-11-04,7.98571428571429,"Burnaby South"
"405",2018-11-11,8.14285714285714,"Burnaby South"
"406",2018-11-18,7.45714285714286,"Burnaby South"
"407",2018-11-25,7.92857142857143,"Burnaby South"
"408",2018-12-02,3.51428571428571,"Burnaby South"
"409",2018-12-09,6.94285714285714,"Burnaby South"
"410",2018-12-16,7.22857142857143,"Burnaby South"
"411",2018-12-23,4.72857142857143,"Burnaby South"
"412",2018-12-30,4.55,"Burnaby South"
"413",2019-01-06,6.58333333333333,"Burnaby South"
"414",2019-01-13,6.64285714285714,"Burnaby South"
"415",2019-01-20,5.54285714285714,"Burnaby South"
"416",2019-01-27,5.9,"Burnaby South"
"417",2019-02-03,-2.4,"Burnaby South"
"418",2019-02-10,-1.52857142857143,"Burnaby South"
"419",2019-02-17,1.62857142857143,"Burnaby South"
"420",2019-02-24,2.15714285714286,"Burnaby South"
"421",2019-03-03,1.81428571428571,"Burnaby South"
"422",2019-03-10,NA,"Burnaby South"
"423",2019-03-17,12.5428571428571,"Burnaby South"
"424",2019-03-24,9.94285714285714,"Burnaby South"
"425",2019-03-31,11.3571428571429,"Burnaby South"
"426",2019-04-07,7.82857142857143,"Burnaby South"
"427",2019-04-14,9.22857142857143,"Burnaby South"
"428",2019-04-21,9.81428571428571,"Burnaby South"
"429",2019-04-28,11.5142857142857,"Burnaby South"
"430",2019-05-05,17.6428571428571,"Burnaby South"
"431",2019-05-12,13.4714285714286,"Burnaby South"
"432",2019-05-19,14.4571428571429,"Burnaby South"
"433",2019-05-26,16.6142857142857,"Burnaby South"
"434",2019-06-02,13.8142857142857,"Burnaby South"
"435",2019-06-09,18.7285714285714,"Burnaby South"
"436",2019-06-16,15.6714285714286,"Burnaby South"
"437",2019-06-23,NA,"Burnaby South"
"438",2019-06-30,NA,"Burnaby South"
"439",2019-07-07,NA,"Burnaby South"
"440",2019-07-14,NA,"Burnaby South"
"441",2019-07-21,NA,"Burnaby South"
"442",2019-07-28,NA,"Burnaby South"
"443",2019-08-04,NA,"Burnaby South"
"444",2019-08-11,NA,"Burnaby South"
"445",2019-08-18,NA,"Burnaby South"
"446",2019-08-25,NA,"Burnaby South"
"447",2019-09-01,NA,"Burnaby South"
"448",2019-09-08,15.7857142857143,"Burnaby South"
"449",2019-09-15,14.0714285714286,"Burnaby South"
"450",2019-09-22,12.7,"Burnaby South"
"451",2019-09-29,10.9714285714286,"Burnaby South"
"452",2019-10-06,8.84285714285714,"Burnaby South"
"453",2019-10-13,9.72857142857143,"Burnaby South"
"454",2019-10-20,NA,"Burnaby South"
"455",2019-10-27,NA,"Burnaby South"
"456",2019-11-03,NA,"Burnaby South"
"457",2019-11-10,NA,"Burnaby South"
"458",2019-11-17,7.38571428571429,"Burnaby South"
"459",2019-11-24,3.3,"Burnaby South"
"460",2019-12-01,5.6,"Burnaby South"
"461",2019-12-08,5.38571428571429,"Burnaby South"
"462",2019-12-15,NA,"Burnaby South"
"463",2019-12-22,3.4,"Burnaby South"
"464",2019-12-29,6.83333333333333,"Burnaby South"
"465",2020-01-05,4.76363636363636,"Burnaby South"
"466",2020-01-12,-2.44285714285714,"Burnaby South"
"467",2020-01-19,7.08571428571429,"Burnaby South"
"468",2020-01-26,7,"Burnaby South"
"469",2020-02-02,2.52857142857143,"Burnaby South"
"470",2020-02-09,4.54285714285714,"Burnaby South"
"471",2020-02-16,4.47142857142857,"Burnaby South"
"472",2020-02-23,5.08571428571429,"Burnaby South"
"473",2020-03-01,4.61428571428571,"Burnaby South"
"474",2020-03-08,3.74285714285714,"Burnaby South"
"475",2020-03-15,7.15714285714286,"Burnaby South"
"476",2020-03-22,6.04285714285714,"Burnaby South"
"477",2020-03-29,5.3,"Burnaby South"
"478",2020-04-05,9.45714285714286,"Burnaby South"
"479",2020-04-12,11.7285714285714,"Burnaby South"
"480",2020-04-19,11.1714285714286,"Burnaby South"
"481",2020-04-26,11.1428571428571,"Burnaby South"
"482",2020-05-03,14.1,"Burnaby South"
"483",2020-05-10,NA,"Burnaby South"
"484",2020-05-17,NA,"Burnaby South"
"485",2020-05-24,15.4857142857143,"Burnaby South"
"486",2020-05-31,12.8,"Burnaby South"
"487",2020-06-07,13.5857142857143,"Burnaby South"
"488",2020-06-14,15.1428571428571,"Burnaby South"
"489",2020-06-21,17.2428571428571,"Burnaby South"
"490",2020-06-28,14.1857142857143,"Burnaby South"
"491",2020-07-05,15.6,"Burnaby South"
"492",2020-07-12,18,"Burnaby South"
"493",2020-07-19,18.6714285714286,"Burnaby South"
"494",2020-07-26,21.8,"Burnaby South"
"495",2020-08-02,18.2285714285714,"Burnaby South"
"496",2020-08-09,17.8142857142857,"Burnaby South"
"497",2020-08-16,20.3714285714286,"Burnaby South"
"498",2020-08-23,17.2142857142857,"Burnaby South"
"499",2020-08-30,17.3428571428571,"Burnaby South"
"500",2020-09-06,20.3285714285714,"Burnaby South"
"501",2020-09-13,16.4428571428571,"Burnaby South"
"502",2020-09-20,14.6142857142857,"Burnaby South"
"503",2020-09-27,16.4571428571429,"Burnaby South"
"504",2020-10-04,13.8,"Burnaby South"
"505",2020-10-11,10,"Burnaby South"
"506",2020-10-18,7.7,"Burnaby South"
"507",2020-10-25,7.48571428571429,"Burnaby South"
"508",2020-11-01,9.5,"Burnaby South"
"509",2020-11-08,3.6,"Burnaby South"
"510",2020-11-15,6.91428571428571,"Burnaby South"
"511",2020-11-22,5.81428571428571,"Burnaby South"
"512",2020-11-29,6.58571428571429,"Burnaby South"
"513",2020-12-06,6.32857142857143,"Burnaby South"
"514",2020-12-13,5.74285714285714,"Burnaby South"
"515",2020-12-20,3.82857142857143,"Burnaby South"
"516",2020-12-27,4.6,"Burnaby South"
"517",2021-01-03,6,"Burnaby South"
"518",2021-01-10,6.98571428571429,"Burnaby South"
"519",2021-01-17,4.4,"Burnaby South"
"520",2021-01-24,3.18571428571429,"Burnaby South"
"521",2021-01-31,5.08571428571429,"Burnaby South"
"522",2021-02-07,-0.914285714285714,"Burnaby South"
"523",2021-02-14,2.97142857142857,"Burnaby South"
"524",2021-02-21,4.85714285714286,"Burnaby South"
"525",2021-02-28,6.52857142857143,"Burnaby South"
"526",2021-03-07,6.78571428571429,"Burnaby South"
"527",2021-03-14,6.65714285714286,"Burnaby South"
"528",2021-03-21,6.27142857142857,"Burnaby South"
"529",2021-03-28,6.84285714285714,"Burnaby South"
"530",2021-04-04,6.31428571428571,"Burnaby South"
"531",2021-04-11,13.1285714285714,"Burnaby South"
"532",2021-04-18,13.3571428571429,"Burnaby South"
"533",2021-04-25,11.1857142857143,"Burnaby South"
"534",2021-05-02,11.1571428571429,"Burnaby South"
"535",2021-05-09,13.9571428571429,"Burnaby South"
"536",2021-05-16,12.7714285714286,"Burnaby South"
"537",2021-05-23,12.5142857142857,"Burnaby South"
"538",2021-05-30,NA,"Burnaby South"
"539",2021-06-06,12.7857142857143,"Burnaby South"
"540",2021-06-13,16.3428571428571,"Burnaby South"
"541",2021-06-20,22.7714285714286,"Burnaby South"
"542",2021-06-27,24.6428571428571,"Burnaby South"
"543",2021-07-04,19.2285714285714,"Burnaby South"
"544",2021-07-11,17.8285714285714,"Burnaby South"
"545",2021-07-18,18.9142857142857,"Burnaby South"
"546",2021-07-25,21.9714285714286,"Burnaby South"
"547",2021-08-01,20.3285714285714,"Burnaby South"
"548",2021-08-08,22.5285714285714,"Burnaby South"
"549",2021-08-15,17.4285714285714,"Burnaby South"
"550",2021-08-22,16.5857142857143,"Burnaby South"
"551",2021-08-29,16.3,"Burnaby South"
"552",2021-09-05,18.0142857142857,"Burnaby South"
"553",2021-09-12,13.6,"Burnaby South"
"554",2021-09-19,15.0714285714286,"Burnaby South"
"555",2021-09-26,12.3,"Burnaby South"
"556",2021-10-03,10.2857142857143,"Burnaby South"
"557",2021-10-10,8.62857142857143,"Burnaby South"
"558",2021-10-17,NA,"Burnaby South"
"559",2021-10-24,9.18571428571429,"Burnaby South"
"560",2021-10-31,8.94285714285714,"Burnaby South"
"561",2021-11-07,7.34285714285714,"Burnaby South"
"562",2021-11-14,5.58571428571429,"Burnaby South"
"563",2021-11-21,6.5,"Burnaby South"
"564",2021-11-28,7.24285714285714,"Burnaby South"
"565",2021-12-05,3.32857142857143,"Burnaby South"
"566",2021-12-12,2.68571428571429,"Burnaby South"
"567",2021-12-19,0.857142857142857,"Burnaby South"
"568",2021-12-26,-6.86666666666667,"Burnaby South"
"569",2022-01-02,0.7,"Burnaby South"
"570",2022-01-09,7.27142857142857,"Burnaby South"
"571",2022-01-16,5.94285714285714,"Burnaby South"
"572",2022-01-23,2.44285714285714,"Burnaby South"
"573",2022-01-30,3.94285714285714,"Burnaby South"
"574",2022-02-06,6.41428571428571,"Burnaby South"
"575",2022-02-13,6.62857142857143,"Burnaby South"
"576",2022-02-20,1.25714285714286,"Burnaby South"
"577",2022-02-27,7.35714285714286,"Burnaby South"
"578",2022-03-06,5.02857142857143,"Burnaby South"
"579",2022-03-13,6.55714285714286,"Burnaby South"
"580",2022-03-20,7.68571428571429,"Burnaby South"
"581",2022-03-27,8.58571428571429,"Burnaby South"
"582",2022-04-03,8.08571428571429,"Burnaby South"
"583",2022-04-10,5.68571428571429,"Burnaby South"
"584",2022-04-17,8.1,"Burnaby South"
"585",2022-04-24,9.27142857142857,"Burnaby South"
"586",2022-05-01,9.51428571428571,"Burnaby South"
"587",2022-05-08,8.7,"Burnaby South"
"588",2022-05-15,11.3571428571429,"Burnaby South"
"589",2022-05-22,NA,"Burnaby South"
"590",2022-05-29,14.7571428571429,"Burnaby South"
"591",2022-06-05,14.4285714285714,"Burnaby South"
"592",2022-06-12,13.7428571428571,"Burnaby South"
"593",2022-06-19,16.3428571428571,"Burnaby South"
"594",2022-06-26,19.3285714285714,"Burnaby South"
"595",2022-07-03,16.8428571428571,"Burnaby South"
"596",2022-07-10,18.8142857142857,"Burnaby South"
"597",2022-07-17,17.8428571428571,"Burnaby South"
"598",2022-07-24,24.6857142857143,"Burnaby South"
"599",2022-07-31,19.9285714285714,"Burnaby South"
"600",2022-08-07,20.8142857142857,"Burnaby South"
"601",2022-08-14,22.4714285714286,"Burnaby South"
"602",2022-08-21,20.1571428571429,"Burnaby South"
"603",2022-08-28,20.9285714285714,"Burnaby South"
"604",2022-09-04,18.5714285714286,"Burnaby South"
"605",2022-09-11,16.7428571428571,"Burnaby South"
"606",2022-09-18,17.4142857142857,"Burnaby South"
"607",2022-09-25,NA,"Burnaby South"
"608",2022-10-02,17.9571428571429,"Burnaby South"
"609",2022-10-09,15.7571428571429,"Burnaby South"
"610",2022-10-16,13.4428571428571,"Burnaby South"
"611",2022-10-23,8.64285714285714,"Burnaby South"
"612",2022-10-30,9.4,"Burnaby South"
"614",2017-01-01,-1.17142857142857,"North Vancouver Mahon Park"
"615",2017-01-08,-0.128571428571429,"North Vancouver Mahon Park"
"616",2017-01-15,6.3,"North Vancouver Mahon Park"
"617",2017-01-22,4.94285714285714,"North Vancouver Mahon Park"
"618",2017-01-29,2.37142857142857,"North Vancouver Mahon Park"
"619",2017-02-05,1.32857142857143,"North Vancouver Mahon Park"
"620",2017-02-12,7.3,"North Vancouver Mahon Park"
"621",2017-02-19,3.97142857142857,"North Vancouver Mahon Park"
"622",2017-02-26,3.57142857142857,"North Vancouver Mahon Park"
"623",2017-03-05,3.25714285714286,"North Vancouver Mahon Park"
"624",2017-03-12,7.31428571428571,"North Vancouver Mahon Park"
"625",2017-03-19,7.35714285714286,"North Vancouver Mahon Park"
"626",2017-03-26,7.4,"North Vancouver Mahon Park"
"627",2017-04-02,8.12857142857143,"North Vancouver Mahon Park"
"628",2017-04-09,8.01428571428571,"North Vancouver Mahon Park"
"629",2017-04-16,10.5714285714286,"North Vancouver Mahon Park"
"630",2017-04-23,9.44285714285714,"North Vancouver Mahon Park"
"631",2017-04-30,11.5428571428571,"North Vancouver Mahon Park"
"632",2017-05-07,11.0142857142857,"North Vancouver Mahon Park"
"633",2017-05-14,11.6285714285714,"North Vancouver Mahon Park"
"634",2017-05-21,16.6142857142857,"North Vancouver Mahon Park"
"635",2017-05-28,15.9857142857143,"North Vancouver Mahon Park"
"636",2017-06-04,15.5285714285714,"North Vancouver Mahon Park"
"637",2017-06-11,14.3142857142857,"North Vancouver Mahon Park"
"638",2017-06-18,16.7,"North Vancouver Mahon Park"
"639",2017-06-25,19.0857142857143,"North Vancouver Mahon Park"
"640",2017-07-02,19.2142857142857,"North Vancouver Mahon Park"
"641",2017-07-09,18.4571428571429,"North Vancouver Mahon Park"
"642",2017-07-16,18.1714285714286,"North Vancouver Mahon Park"
"643",2017-07-23,19.2428571428571,"North Vancouver Mahon Park"
"644",2017-07-30,21,"North Vancouver Mahon Park"
"645",2017-08-06,20.9428571428571,"North Vancouver Mahon Park"
"646",2017-08-13,17.8428571428571,"North Vancouver Mahon Park"
"647",2017-08-20,18.7714285714286,"North Vancouver Mahon Park"
"648",2017-08-27,20.9428571428571,"North Vancouver Mahon Park"
"649",2017-09-03,20.9285714285714,"North Vancouver Mahon Park"
"650",2017-09-10,17.0428571428571,"North Vancouver Mahon Park"
"651",2017-09-17,12.6142857142857,"North Vancouver Mahon Park"
"652",2017-09-24,15.6,"North Vancouver Mahon Park"
"653",2017-10-01,11.7,"North Vancouver Mahon Park"
"654",2017-10-08,8.51428571428571,"North Vancouver Mahon Park"
"655",2017-10-15,9.95714285714286,"North Vancouver Mahon Park"
"656",2017-10-22,10.9428571428571,"North Vancouver Mahon Park"
"657",2017-10-29,6.41428571428571,"North Vancouver Mahon Park"
"658",2017-11-05,5.82857142857143,"North Vancouver Mahon Park"
"659",2017-11-12,7.45714285714286,"North Vancouver Mahon Park"
"660",2017-11-19,8.58571428571429,"North Vancouver Mahon Park"
"661",2017-11-26,6.21428571428571,"North Vancouver Mahon Park"
"662",2017-12-03,2.3,"North Vancouver Mahon Park"
"663",2017-12-10,5.21428571428571,"North Vancouver Mahon Park"
"664",2017-12-17,2.04285714285714,"North Vancouver Mahon Park"
"665",2017-12-24,1.17142857142857,"North Vancouver Mahon Park"
"666",2017-12-31,0.6,"North Vancouver Mahon Park"
"667",2018-01-07,4.33846153846154,"North Vancouver Mahon Park"
"668",2018-01-14,6.95714285714286,"North Vancouver Mahon Park"
"669",2018-01-21,5.55714285714286,"North Vancouver Mahon Park"
"670",2018-01-28,6.08571428571429,"North Vancouver Mahon Park"
"671",2018-02-04,6.21428571428571,"North Vancouver Mahon Park"
"672",2018-02-11,2.84285714285714,"North Vancouver Mahon Park"
"673",2018-02-18,-1.44285714285714,"North Vancouver Mahon Park"
"674",2018-02-25,3.6,"North Vancouver Mahon Park"
"675",2018-03-04,4.77142857142857,"North Vancouver Mahon Park"
"676",2018-03-11,8.1,"North Vancouver Mahon Park"
"677",2018-03-18,6.22857142857143,"North Vancouver Mahon Park"
"678",2018-03-25,6.72857142857143,"North Vancouver Mahon Park"
"679",2018-04-01,7.61428571428571,"North Vancouver Mahon Park"
"680",2018-04-08,8.75714285714286,"North Vancouver Mahon Park"
"681",2018-04-15,8.5,"North Vancouver Mahon Park"
"682",2018-04-22,13.1285714285714,"North Vancouver Mahon Park"
"683",2018-04-29,12.4142857142857,"North Vancouver Mahon Park"
"684",2018-05-06,15.0142857142857,"North Vancouver Mahon Park"
"685",2018-05-13,17.6428571428571,"North Vancouver Mahon Park"
"686",2018-05-20,16.3,"North Vancouver Mahon Park"
"687",2018-05-27,14.5,"North Vancouver Mahon Park"
"688",2018-06-03,13.6571428571429,"North Vancouver Mahon Park"
"689",2018-06-10,14.2142857142857,"North Vancouver Mahon Park"
"690",2018-06-17,NA,"North Vancouver Mahon Park"
"691",2018-06-24,15.7,"North Vancouver Mahon Park"
"692",2018-07-01,17.8857142857143,"North Vancouver Mahon Park"
"693",2018-07-08,18.3428571428571,"North Vancouver Mahon Park"
"694",2018-07-15,19.3857142857143,"North Vancouver Mahon Park"
"695",2018-07-22,22.4714285714286,"North Vancouver Mahon Park"
"696",2018-07-29,20.8,"North Vancouver Mahon Park"
"697",2018-08-05,22.7714285714286,"North Vancouver Mahon Park"
"698",2018-08-12,18.8571428571429,"North Vancouver Mahon Park"
"699",2018-08-19,18.2714285714286,"North Vancouver Mahon Park"
"700",2018-08-26,16.6714285714286,"North Vancouver Mahon Park"
"701",2018-09-02,17.1285714285714,"North Vancouver Mahon Park"
"702",2018-09-09,14.0571428571429,"North Vancouver Mahon Park"
"703",2018-09-16,12.9,"North Vancouver Mahon Park"
"704",2018-09-23,13.5428571428571,"North Vancouver Mahon Park"
"705",2018-09-30,10.2428571428571,"North Vancouver Mahon Park"
"706",2018-10-07,10.9857142857143,"North Vancouver Mahon Park"
"707",2018-10-14,11.2571428571429,"North Vancouver Mahon Park"
"708",2018-10-21,10.9857142857143,"North Vancouver Mahon Park"
"709",2018-10-28,NA,"North Vancouver Mahon Park"
"710",2018-11-04,7.21428571428571,"North Vancouver Mahon Park"
"711",2018-11-11,7,"North Vancouver Mahon Park"
"712",2018-11-18,6.37142857142857,"North Vancouver Mahon Park"
"713",2018-11-25,7.62857142857143,"North Vancouver Mahon Park"
"714",2018-12-02,1.91428571428571,"North Vancouver Mahon Park"
"715",2018-12-09,6.61428571428571,"North Vancouver Mahon Park"
"716",2018-12-16,6.91428571428571,"North Vancouver Mahon Park"
"717",2018-12-23,4.04285714285714,"North Vancouver Mahon Park"
"718",2018-12-30,2.75,"North Vancouver Mahon Park"
"719",2019-01-06,5.89166666666667,"North Vancouver Mahon Park"
"720",2019-01-13,5.27142857142857,"North Vancouver Mahon Park"
"721",2019-01-20,4.84285714285714,"North Vancouver Mahon Park"
"722",2019-01-27,4.71428571428571,"North Vancouver Mahon Park"
"723",2019-02-03,-1.88571428571429,"North Vancouver Mahon Park"
"724",2019-02-10,-0.814285714285715,"North Vancouver Mahon Park"
"725",2019-02-17,1.91428571428571,"North Vancouver Mahon Park"
"726",2019-02-24,1.81428571428571,"North Vancouver Mahon Park"
"727",2019-03-03,1.77142857142857,"North Vancouver Mahon Park"
"728",2019-03-10,NA,"North Vancouver Mahon Park"
"729",2019-03-17,11.4,"North Vancouver Mahon Park"
"730",2019-03-24,9.2,"North Vancouver Mahon Park"
"731",2019-03-31,10.7285714285714,"North Vancouver Mahon Park"
"732",2019-04-07,7.82857142857143,"North Vancouver Mahon Park"
"733",2019-04-14,8.98571428571429,"North Vancouver Mahon Park"
"734",2019-04-21,9.5,"North Vancouver Mahon Park"
"735",2019-04-28,11.0857142857143,"North Vancouver Mahon Park"
"736",2019-05-05,15.6285714285714,"North Vancouver Mahon Park"
"737",2019-05-12,13.4285714285714,"North Vancouver Mahon Park"
"738",2019-05-19,14.0571428571429,"North Vancouver Mahon Park"
"739",2019-05-26,17.0571428571429,"North Vancouver Mahon Park"
"740",2019-06-02,14.3857142857143,"North Vancouver Mahon Park"
"741",2019-06-09,18.1428571428571,"North Vancouver Mahon Park"
"742",2019-06-16,16.2714285714286,"North Vancouver Mahon Park"
"743",2019-06-23,15.3285714285714,"North Vancouver Mahon Park"
"744",2019-06-30,16.8285714285714,"North Vancouver Mahon Park"
"745",2019-07-07,17.4714285714286,"North Vancouver Mahon Park"
"746",2019-07-14,NA,"North Vancouver Mahon Park"
"747",2019-07-21,19.8285714285714,"North Vancouver Mahon Park"
"748",2019-07-28,NA,"North Vancouver Mahon Park"
"749",2019-08-04,19.9285714285714,"North Vancouver Mahon Park"
"750",2019-08-11,18.4857142857143,"North Vancouver Mahon Park"
"751",2019-08-18,17.4142857142857,"North Vancouver Mahon Park"
"752",2019-08-25,18.9714285714286,"North Vancouver Mahon Park"
"753",2019-09-01,18.7428571428571,"North Vancouver Mahon Park"
"754",2019-09-08,15.7142857142857,"North Vancouver Mahon Park"
"755",2019-09-15,13.9857142857143,"North Vancouver Mahon Park"
"756",2019-09-22,12.3571428571429,"North Vancouver Mahon Park"
"757",2019-09-29,10.6714285714286,"North Vancouver Mahon Park"
"758",2019-10-06,7.94285714285714,"North Vancouver Mahon Park"
"759",2019-10-13,9.48571428571429,"North Vancouver Mahon Park"
"760",2019-10-20,9.01428571428571,"North Vancouver Mahon Park"
"761",2019-10-27,NA,"North Vancouver Mahon Park"
"762",2019-11-03,NA,"North Vancouver Mahon Park"
"763",2019-11-10,NA,"North Vancouver Mahon Park"
"764",2019-11-17,6.8,"North Vancouver Mahon Park"
"765",2019-11-24,2.62857142857143,"North Vancouver Mahon Park"
"766",2019-12-01,5.57142857142857,"North Vancouver Mahon Park"
"767",2019-12-08,5.42857142857143,"North Vancouver Mahon Park"
"768",2019-12-15,NA,"North Vancouver Mahon Park"
"769",2019-12-22,3.45714285714286,"North Vancouver Mahon Park"
"770",2019-12-29,6.96666666666667,"North Vancouver Mahon Park"
"771",2020-01-05,4.70909090909091,"North Vancouver Mahon Park"
"772",2020-01-12,-1.12857142857143,"North Vancouver Mahon Park"
"773",2020-01-19,7.5,"North Vancouver Mahon Park"
"774",2020-01-26,7.11428571428571,"North Vancouver Mahon Park"
"775",2020-02-02,2.52857142857143,"North Vancouver Mahon Park"
"776",2020-02-09,4.37142857142857,"North Vancouver Mahon Park"
"777",2020-02-16,3.74285714285714,"North Vancouver Mahon Park"
"778",2020-02-23,4.9,"North Vancouver Mahon Park"
"779",2020-03-01,4.61428571428571,"North Vancouver Mahon Park"
"780",2020-03-08,3.55714285714286,"North Vancouver Mahon Park"
"781",2020-03-15,5.87142857142857,"North Vancouver Mahon Park"
"782",2020-03-22,5.84285714285714,"North Vancouver Mahon Park"
"783",2020-03-29,5.3,"North Vancouver Mahon Park"
"784",2020-04-05,8.54285714285714,"North Vancouver Mahon Park"
"785",2020-04-12,11.0285714285714,"North Vancouver Mahon Park"
"786",2020-04-19,11.2285714285714,"North Vancouver Mahon Park"
"787",2020-04-26,10.9428571428571,"North Vancouver Mahon Park"
"788",2020-05-03,13.0285714285714,"North Vancouver Mahon Park"
"789",2020-05-10,NA,"North Vancouver Mahon Park"
"790",2020-05-17,NA,"North Vancouver Mahon Park"
"791",2020-05-24,15,"North Vancouver Mahon Park"
"792",2020-05-31,12.6857142857143,"North Vancouver Mahon Park"
"793",2020-06-07,13.7285714285714,"North Vancouver Mahon Park"
"794",2020-06-14,14.8571428571429,"North Vancouver Mahon Park"
"795",2020-06-21,17.0428571428571,"North Vancouver Mahon Park"
"796",2020-06-28,14.3857142857143,"North Vancouver Mahon Park"
"797",2020-07-05,15.8857142857143,"North Vancouver Mahon Park"
"798",2020-07-12,17.6285714285714,"North Vancouver Mahon Park"
"799",2020-07-19,18.6142857142857,"North Vancouver Mahon Park"
"800",2020-07-26,21.2142857142857,"North Vancouver Mahon Park"
"801",2020-08-02,18.2714285714286,"North Vancouver Mahon Park"
"802",2020-08-09,17,"North Vancouver Mahon Park"
"803",2020-08-16,20.2428571428571,"North Vancouver Mahon Park"
"804",2020-08-23,16.3571428571429,"North Vancouver Mahon Park"
"805",2020-08-30,16.8428571428571,"North Vancouver Mahon Park"
"806",2020-09-06,19.1857142857143,"North Vancouver Mahon Park"
"807",2020-09-13,16,"North Vancouver Mahon Park"
"808",2020-09-20,14.7857142857143,"North Vancouver Mahon Park"
"809",2020-09-27,15.4,"North Vancouver Mahon Park"
"810",2020-10-04,13.6714285714286,"North Vancouver Mahon Park"
"811",2020-10-11,9.7,"North Vancouver Mahon Park"
"812",2020-10-18,7.37142857142857,"North Vancouver Mahon Park"
"813",2020-10-25,7.38571428571429,"North Vancouver Mahon Park"
"814",2020-11-01,9.1,"North Vancouver Mahon Park"
"815",2020-11-08,3.54285714285714,"North Vancouver Mahon Park"
"816",2020-11-15,7.02857142857143,"North Vancouver Mahon Park"
"817",2020-11-22,5.88571428571429,"North Vancouver Mahon Park"
"818",2020-11-29,5.91428571428571,"North Vancouver Mahon Park"
"819",2020-12-06,6.35714285714286,"North Vancouver Mahon Park"
"820",2020-12-13,5.77142857142857,"North Vancouver Mahon Park"
"821",2020-12-20,3.65714285714286,"North Vancouver Mahon Park"
"822",2020-12-27,4.96,"North Vancouver Mahon Park"
"823",2021-01-03,6.31111111111111,"North Vancouver Mahon Park"
"824",2021-01-10,7.31428571428571,"North Vancouver Mahon Park"
"825",2021-01-17,4.04285714285714,"North Vancouver Mahon Park"
"826",2021-01-24,3.85714285714286,"North Vancouver Mahon Park"
"827",2021-01-31,5.21428571428571,"North Vancouver Mahon Park"
"828",2021-02-07,-0.8,"North Vancouver Mahon Park"
"829",2021-02-14,3.34285714285714,"North Vancouver Mahon Park"
"830",2021-02-21,4.55714285714286,"North Vancouver Mahon Park"
"831",2021-02-28,6.82857142857143,"North Vancouver Mahon Park"
"832",2021-03-07,6.7,"North Vancouver Mahon Park"
"833",2021-03-14,6.42857142857143,"North Vancouver Mahon Park"
"834",2021-03-21,6.18571428571429,"North Vancouver Mahon Park"
"835",2021-03-28,6.82857142857143,"North Vancouver Mahon Park"
"836",2021-04-04,6.12857142857143,"North Vancouver Mahon Park"
"837",2021-04-11,11.8142857142857,"North Vancouver Mahon Park"
"838",2021-04-18,12.7571428571429,"North Vancouver Mahon Park"
"839",2021-04-25,11.2,"North Vancouver Mahon Park"
"840",2021-05-02,10.9571428571429,"North Vancouver Mahon Park"
"841",2021-05-09,13.2428571428571,"North Vancouver Mahon Park"
"842",2021-05-16,12.6285714285714,"North Vancouver Mahon Park"
"843",2021-05-23,12.7714285714286,"North Vancouver Mahon Park"
"844",2021-05-30,17.4428571428571,"North Vancouver Mahon Park"
"845",2021-06-06,12.6285714285714,"North Vancouver Mahon Park"
"846",2021-06-13,16.4428571428571,"North Vancouver Mahon Park"
"847",2021-06-20,21.6,"North Vancouver Mahon Park"
"848",2021-06-27,NA,"North Vancouver Mahon Park"
"849",2021-07-04,19.9142857142857,"North Vancouver Mahon Park"
"850",2021-07-11,18.9571428571429,"North Vancouver Mahon Park"
"851",2021-07-18,19.2571428571429,"North Vancouver Mahon Park"
"852",2021-07-25,21.8857142857143,"North Vancouver Mahon Park"
"853",2021-08-01,20.9857142857143,"North Vancouver Mahon Park"
"854",2021-08-08,22.0857142857143,"North Vancouver Mahon Park"
"855",2021-08-15,18,"North Vancouver Mahon Park"
"856",2021-08-22,16.6428571428571,"North Vancouver Mahon Park"
"857",2021-08-29,15.6571428571429,"North Vancouver Mahon Park"
"858",2021-09-05,18.3142857142857,"North Vancouver Mahon Park"
"859",2021-09-12,13.4857142857143,"North Vancouver Mahon Park"
"860",2021-09-19,14.5714285714286,"North Vancouver Mahon Park"
"861",2021-09-26,12.3714285714286,"North Vancouver Mahon Park"
"862",2021-10-03,10.1714285714286,"North Vancouver Mahon Park"
"863",2021-10-10,8.5,"North Vancouver Mahon Park"
"864",2021-10-17,NA,"North Vancouver Mahon Park"
"865",2021-10-24,9.35714285714286,"North Vancouver Mahon Park"
"866",2021-10-31,NA,"North Vancouver Mahon Park"
"867",2021-11-07,7.61428571428571,"North Vancouver Mahon Park"
"868",2021-11-14,5.35714285714286,"North Vancouver Mahon Park"
"869",2021-11-21,6.58571428571429,"North Vancouver Mahon Park"
"870",2021-11-28,7.6,"North Vancouver Mahon Park"
"871",2021-12-05,3.31428571428571,"North Vancouver Mahon Park"
"872",2021-12-12,2.98571428571429,"North Vancouver Mahon Park"
"873",2021-12-19,1.14285714285714,"North Vancouver Mahon Park"
"874",2021-12-26,-6.41666666666667,"North Vancouver Mahon Park"
"875",2022-01-02,1.1125,"North Vancouver Mahon Park"
"876",2022-01-09,7.32857142857143,"North Vancouver Mahon Park"
"877",2022-01-16,5.9,"North Vancouver Mahon Park"
"878",2022-01-23,1.94285714285714,"North Vancouver Mahon Park"
"879",2022-01-30,3.87142857142857,"North Vancouver Mahon Park"
"880",2022-02-06,6,"North Vancouver Mahon Park"
"881",2022-02-13,6.42857142857143,"North Vancouver Mahon Park"
"882",2022-02-20,1.31428571428571,"North Vancouver Mahon Park"
"883",2022-02-27,7.4,"North Vancouver Mahon Park"
"884",2022-03-06,4.85714285714286,"North Vancouver Mahon Park"
"885",2022-03-13,6.7,"North Vancouver Mahon Park"
"886",2022-03-20,7.44285714285714,"North Vancouver Mahon Park"
"887",2022-03-27,8.35714285714286,"North Vancouver Mahon Park"
"888",2022-04-03,7.67142857142857,"North Vancouver Mahon Park"
"889",2022-04-10,5.41428571428571,"North Vancouver Mahon Park"
"890",2022-04-17,8.22857142857143,"North Vancouver Mahon Park"
"891",2022-04-24,3.78571428571429,"North Vancouver Mahon Park"
"892",2022-05-01,NA,"North Vancouver Mahon Park"
"893",2022-05-08,8.54285714285714,"North Vancouver Mahon Park"
"894",2022-05-15,10.8428571428571,"North Vancouver Mahon Park"
"895",2022-05-22,NA,"North Vancouver Mahon Park"
"896",2022-05-29,14.4285714285714,"North Vancouver Mahon Park"
"897",2022-06-05,14.4428571428571,"North Vancouver Mahon Park"
"898",2022-06-12,13.6,"North Vancouver Mahon Park"
"899",2022-06-19,15.9,"North Vancouver Mahon Park"
"900",2022-06-26,18.8857142857143,"North Vancouver Mahon Park"
"901",2022-07-03,16.6571428571429,"North Vancouver Mahon Park"
"902",2022-07-10,18.6857142857143,"North Vancouver Mahon Park"
"903",2022-07-17,17.6714285714286,"North Vancouver Mahon Park"
"904",2022-07-24,23.5857142857143,"North Vancouver Mahon Park"
"905",2022-07-31,19.5571428571429,"North Vancouver Mahon Park"
"906",2022-08-07,20.3142857142857,"North Vancouver Mahon Park"
"907",2022-08-14,21.8714285714286,"North Vancouver Mahon Park"
"908",2022-08-21,20.1714285714286,"North Vancouver Mahon Park"
"909",2022-08-28,20.5428571428571,"North Vancouver Mahon Park"
"910",2022-09-04,16.9857142857143,"North Vancouver Mahon Park"
"911",2022-09-11,16.5,"North Vancouver Mahon Park"
"912",2022-09-18,15.8,"North Vancouver Mahon Park"
"913",2022-09-25,NA,"North Vancouver Mahon Park"
"914",2022-10-02,16.4571428571429,"North Vancouver Mahon Park"
"915",2022-10-09,14.0142857142857,"North Vancouver Mahon Park"
"916",2022-10-16,12.3714285714286,"North Vancouver Mahon Park"
"917",2022-10-23,8.27142857142857,"North Vancouver Mahon Park"
"918",2022-10-30,9.2,"North Vancouver Mahon Park"
"920",2017-01-01,-1.98571428571429,"North Burnaby Capitol Hill"
"921",2017-01-08,-0.942857142857143,"North Burnaby Capitol Hill"
"922",2017-01-15,4.55714285714286,"North Burnaby Capitol Hill"
"923",2017-01-22,3.72857142857143,"North Burnaby Capitol Hill"
"924",2017-01-29,1.61428571428571,"North Burnaby Capitol Hill"
"925",2017-02-05,-0.0571428571428571,"North Burnaby Capitol Hill"
"926",2017-02-12,6.18571428571429,"North Burnaby Capitol Hill"
"927",2017-02-19,2.54285714285714,"North Burnaby Capitol Hill"
"928",2017-02-26,2.2,"North Burnaby Capitol Hill"
"929",2017-03-05,1.68571428571429,"North Burnaby Capitol Hill"
"930",2017-03-12,5.44285714285714,"North Burnaby Capitol Hill"
"931",2017-03-19,5.71428571428571,"North Burnaby Capitol Hill"
"932",2017-03-26,5.71428571428571,"North Burnaby Capitol Hill"
"933",2017-04-02,6.47142857142857,"North Burnaby Capitol Hill"
"934",2017-04-09,6,"North Burnaby Capitol Hill"
"935",2017-04-16,8.98571428571429,"North Burnaby Capitol Hill"
"936",2017-04-23,7.95714285714286,"North Burnaby Capitol Hill"
"937",2017-04-30,10.2571428571429,"North Burnaby Capitol Hill"
"938",2017-05-07,9.72857142857143,"North Burnaby Capitol Hill"
"939",2017-05-14,10.3285714285714,"North Burnaby Capitol Hill"
"940",2017-05-21,16.3571428571429,"North Burnaby Capitol Hill"
"941",2017-05-28,14.9714285714286,"North Burnaby Capitol Hill"
"942",2017-06-04,14.6,"North Burnaby Capitol Hill"
"943",2017-06-11,12.8285714285714,"North Burnaby Capitol Hill"
"944",2017-06-18,16.1857142857143,"North Burnaby Capitol Hill"
"945",2017-06-25,18.7714285714286,"North Burnaby Capitol Hill"
"946",2017-07-02,18.8,"North Burnaby Capitol Hill"
"947",2017-07-09,17.7142857142857,"North Burnaby Capitol Hill"
"948",2017-07-16,17.2285714285714,"North Burnaby Capitol Hill"
"949",2017-07-23,18.8428571428571,"North Burnaby Capitol Hill"
"950",2017-07-30,21.8857142857143,"North Burnaby Capitol Hill"
"951",2017-08-06,21.2714285714286,"North Burnaby Capitol Hill"
"952",2017-08-13,17.1142857142857,"North Burnaby Capitol Hill"
"953",2017-08-20,18.5428571428571,"North Burnaby Capitol Hill"
"954",2017-08-27,21.1571428571429,"North Burnaby Capitol Hill"
"955",2017-09-03,21.2714285714286,"North Burnaby Capitol Hill"
"956",2017-09-10,16.6428571428571,"North Burnaby Capitol Hill"
"957",2017-09-17,11.7142857142857,"North Burnaby Capitol Hill"
"958",2017-09-24,15.2857142857143,"North Burnaby Capitol Hill"
"959",2017-10-01,11.6285714285714,"North Burnaby Capitol Hill"
"960",2017-10-08,7.64285714285714,"North Burnaby Capitol Hill"
"961",2017-10-15,8.54285714285714,"North Burnaby Capitol Hill"
"962",2017-10-22,11.1428571428571,"North Burnaby Capitol Hill"
"963",2017-10-29,6.44285714285714,"North Burnaby Capitol Hill"
"964",2017-11-05,4.88571428571429,"North Burnaby Capitol Hill"
"965",2017-11-12,6.08571428571429,"North Burnaby Capitol Hill"
"966",2017-11-19,7.04285714285714,"North Burnaby Capitol Hill"
"967",2017-11-26,4.74285714285714,"North Burnaby Capitol Hill"
"968",2017-12-03,3.38571428571429,"North Burnaby Capitol Hill"
"969",2017-12-10,5.62857142857143,"North Burnaby Capitol Hill"
"970",2017-12-17,1.32857142857143,"North Burnaby Capitol Hill"
"971",2017-12-24,0.114285714285714,"North Burnaby Capitol Hill"
"972",2017-12-31,0.4,"North Burnaby Capitol Hill"
"973",2018-01-07,3.63076923076923,"North Burnaby Capitol Hill"
"974",2018-01-14,6.01428571428571,"North Burnaby Capitol Hill"
"975",2018-01-21,3.82857142857143,"North Burnaby Capitol Hill"
"976",2018-01-28,4.62857142857143,"North Burnaby Capitol Hill"
"977",2018-02-04,5.18571428571429,"North Burnaby Capitol Hill"
"978",2018-02-11,1.75714285714286,"North Burnaby Capitol Hill"
"979",2018-02-18,-2.4,"North Burnaby Capitol Hill"
"980",2018-02-25,2.27142857142857,"North Burnaby Capitol Hill"
"981",2018-03-04,3.78571428571429,"North Burnaby Capitol Hill"
"982",2018-03-11,7.74285714285714,"North Burnaby Capitol Hill"
"983",2018-03-18,5.2,"North Burnaby Capitol Hill"
"984",2018-03-25,5.67142857142857,"North Burnaby Capitol Hill"
"985",2018-04-01,6.25714285714286,"North Burnaby Capitol Hill"
"986",2018-04-08,7.41428571428571,"North Burnaby Capitol Hill"
"987",2018-04-15,7.52857142857143,"North Burnaby Capitol Hill"
"988",2018-04-22,13.0571428571429,"North Burnaby Capitol Hill"
"989",2018-04-29,11.6428571428571,"North Burnaby Capitol Hill"
"990",2018-05-06,14.4571428571429,"North Burnaby Capitol Hill"
"991",2018-05-13,17.2428571428571,"North Burnaby Capitol Hill"
"992",2018-05-20,15.6142857142857,"North Burnaby Capitol Hill"
"993",2018-05-27,13.5428571428571,"North Burnaby Capitol Hill"
"994",2018-06-03,12.2857142857143,"North Burnaby Capitol Hill"
"995",2018-06-10,13.0285714285714,"North Burnaby Capitol Hill"
"996",2018-06-17,19.7714285714286,"North Burnaby Capitol Hill"
"997",2018-06-24,14.6857142857143,"North Burnaby Capitol Hill"
"998",2018-07-01,17.1857142857143,"North Burnaby Capitol Hill"
"999",2018-07-08,17.9857142857143,"North Burnaby Capitol Hill"
"1000",2018-07-15,19.2857142857143,"North Burnaby Capitol Hill"
"1001",2018-07-22,22.6714285714286,"North Burnaby Capitol Hill"
"1002",2018-07-29,20.2571428571429,"North Burnaby Capitol Hill"
"1003",2018-08-05,22.7571428571429,"North Burnaby Capitol Hill"
"1004",2018-08-12,18.7571428571429,"North Burnaby Capitol Hill"
"1005",2018-08-19,18.5,"North Burnaby Capitol Hill"
"1006",2018-08-26,15.8857142857143,"North Burnaby Capitol Hill"
"1007",2018-09-02,16.9142857142857,"North Burnaby Capitol Hill"
"1008",2018-09-09,12.4857142857143,"North Burnaby Capitol Hill"
"1009",2018-09-16,11.8857142857143,"North Burnaby Capitol Hill"
"1010",2018-09-23,13.8285714285714,"North Burnaby Capitol Hill"
"1011",2018-09-30,9.37142857142857,"North Burnaby Capitol Hill"
"1012",2018-10-07,10.1,"North Burnaby Capitol Hill"
"1013",2018-10-14,12.5857142857143,"North Burnaby Capitol Hill"
"1014",2018-10-21,10.8142857142857,"North Burnaby Capitol Hill"
"1015",2018-10-28,8.92857142857143,"North Burnaby Capitol Hill"
"1016",2018-11-04,6.38571428571429,"North Burnaby Capitol Hill"
"1017",2018-11-11,6.74285714285714,"North Burnaby Capitol Hill"
"1018",2018-11-18,6.02857142857143,"North Burnaby Capitol Hill"
"1019",2018-11-25,6.37142857142857,"North Burnaby Capitol Hill"
"1020",2018-12-02,1.77142857142857,"North Burnaby Capitol Hill"
"1021",2018-12-09,5.05714285714286,"North Burnaby Capitol Hill"
"1022",2018-12-16,5.3,"North Burnaby Capitol Hill"
"1023",2018-12-23,2.65714285714286,"North Burnaby Capitol Hill"
"1024",2018-12-30,2.55,"North Burnaby Capitol Hill"
"1025",2019-01-06,4.68333333333333,"North Burnaby Capitol Hill"
"1026",2019-01-13,5.64285714285714,"North Burnaby Capitol Hill"
"1027",2019-01-20,3.67142857142857,"North Burnaby Capitol Hill"
"1028",2019-01-27,4.61428571428571,"North Burnaby Capitol Hill"
"1029",2019-02-03,-2.8,"North Burnaby Capitol Hill"
"1030",2019-02-10,-1.71428571428571,"North Burnaby Capitol Hill"
"1031",2019-02-17,0.971428571428571,"North Burnaby Capitol Hill"
"1032",2019-02-24,1.3,"North Burnaby Capitol Hill"
"1033",2019-03-03,1.08571428571429,"North Burnaby Capitol Hill"
"1034",2019-03-10,4.4,"North Burnaby Capitol Hill"
"1035",2019-03-17,11.7,"North Burnaby Capitol Hill"
"1036",2019-03-24,8.74285714285714,"North Burnaby Capitol Hill"
"1037",2019-03-31,10.1,"North Burnaby Capitol Hill"
"1038",2019-04-07,6.85714285714286,"North Burnaby Capitol Hill"
"1039",2019-04-14,7.88571428571429,"North Burnaby Capitol Hill"
"1040",2019-04-21,8.55714285714286,"North Burnaby Capitol Hill"
"1041",2019-04-28,10.3285714285714,"North Burnaby Capitol Hill"
"1042",2019-05-05,16.0285714285714,"North Burnaby Capitol Hill"
"1043",2019-05-12,12.4142857142857,"North Burnaby Capitol Hill"
"1044",2019-05-19,13.4857142857143,"North Burnaby Capitol Hill"
"1045",2019-05-26,16.3714285714286,"North Burnaby Capitol Hill"
"1046",2019-06-02,13.3,"North Burnaby Capitol Hill"
"1047",2019-06-09,17.8571428571429,"North Burnaby Capitol Hill"
"1048",2019-06-16,15.3,"North Burnaby Capitol Hill"
"1049",2019-06-23,14.1571428571429,"North Burnaby Capitol Hill"
"1050",2019-06-30,15.7857142857143,"North Burnaby Capitol Hill"
"1051",2019-07-07,16.5285714285714,"North Burnaby Capitol Hill"
"1052",2019-07-14,16.5571428571429,"North Burnaby Capitol Hill"
"1053",2019-07-21,19.1428571428571,"North Burnaby Capitol Hill"
"1054",2019-07-28,18.2142857142857,"North Burnaby Capitol Hill"
"1055",2019-08-04,19.6142857142857,"North Burnaby Capitol Hill"
"1056",2019-08-11,17.6285714285714,"North Burnaby Capitol Hill"
"1057",2019-08-18,16.5142857142857,"North Burnaby Capitol Hill"
"1058",2019-08-25,18.6428571428571,"North Burnaby Capitol Hill"
"1059",2019-09-01,18.3428571428571,"North Burnaby Capitol Hill"
"1060",2019-09-08,14.3714285714286,"North Burnaby Capitol Hill"
"1061",2019-09-15,12.6857142857143,"North Burnaby Capitol Hill"
"1062",2019-09-22,11.3142857142857,"North Burnaby Capitol Hill"
"1063",2019-09-29,9.4,"North Burnaby Capitol Hill"
"1064",2019-10-06,7.58571428571429,"North Burnaby Capitol Hill"
"1065",2019-10-13,8.32857142857143,"North Burnaby Capitol Hill"
"1066",2019-10-20,7.87142857142857,"North Burnaby Capitol Hill"
"1067",2019-10-27,NA,"North Burnaby Capitol Hill"
"1068",2019-11-03,NA,"North Burnaby Capitol Hill"
"1069",2019-11-10,NA,"North Burnaby Capitol Hill"
"1070",2019-11-17,6.2,"North Burnaby Capitol Hill"
"1071",2019-11-24,2,"North Burnaby Capitol Hill"
"1072",2019-12-01,4.57142857142857,"North Burnaby Capitol Hill"
"1073",2019-12-08,4.08571428571429,"North Burnaby Capitol Hill"
"1074",2019-12-15,NA,"North Burnaby Capitol Hill"
"1075",2019-12-22,2.08571428571429,"North Burnaby Capitol Hill"
"1076",2019-12-29,5.5,"North Burnaby Capitol Hill"
"1077",2020-01-05,3.30909090909091,"North Burnaby Capitol Hill"
"1078",2020-01-12,-3.27142857142857,"North Burnaby Capitol Hill"
"1079",2020-01-19,5.21428571428571,"North Burnaby Capitol Hill"
"1080",2020-01-26,5.27142857142857,"North Burnaby Capitol Hill"
"1081",2020-02-02,1.15714285714286,"North Burnaby Capitol Hill"
"1082",2020-02-09,2.92857142857143,"North Burnaby Capitol Hill"
"1083",2020-02-16,2.91428571428571,"North Burnaby Capitol Hill"
"1084",2020-02-23,3.48571428571429,"North Burnaby Capitol Hill"
"1085",2020-03-01,3.17142857142857,"North Burnaby Capitol Hill"
"1086",2020-03-08,2.14285714285714,"North Burnaby Capitol Hill"
"1087",2020-03-15,5.9,"North Burnaby Capitol Hill"
"1088",2020-03-22,4.55714285714286,"North Burnaby Capitol Hill"
"1089",2020-03-29,4.05714285714286,"North Burnaby Capitol Hill"
"1090",2020-04-05,8.02857142857143,"North Burnaby Capitol Hill"
"1091",2020-04-12,10.3571428571429,"North Burnaby Capitol Hill"
"1092",2020-04-19,10.0714285714286,"North Burnaby Capitol Hill"
"1093",2020-04-26,9.62857142857143,"North Burnaby Capitol Hill"
"1094",2020-05-03,12.2857142857143,"North Burnaby Capitol Hill"
"1095",2020-05-10,NA,"North Burnaby Capitol Hill"
"1096",2020-05-17,NA,"North Burnaby Capitol Hill"
"1097",2020-05-24,14.2857142857143,"North Burnaby Capitol Hill"
"1098",2020-05-31,11.3285714285714,"North Burnaby Capitol Hill"
"1099",2020-06-07,12.1571428571429,"North Burnaby Capitol Hill"
"1100",2020-06-14,13.6857142857143,"North Burnaby Capitol Hill"
"1101",2020-06-21,16.2285714285714,"North Burnaby Capitol Hill"
"1102",2020-06-28,13.1,"North Burnaby Capitol Hill"
"1103",2020-07-05,14.5571428571429,"North Burnaby Capitol Hill"
"1104",2020-07-12,16.8285714285714,"North Burnaby Capitol Hill"
"1105",2020-07-19,17.8428571428571,"North Burnaby Capitol Hill"
"1106",2020-07-26,21.1857142857143,"North Burnaby Capitol Hill"
"1107",2020-08-02,17.3571428571429,"North Burnaby Capitol Hill"
"1108",2020-08-09,16.4142857142857,"North Burnaby Capitol Hill"
"1109",2020-08-16,19.5,"North Burnaby Capitol Hill"
"1110",2020-08-23,15.8285714285714,"North Burnaby Capitol Hill"
"1111",2020-08-30,16.3142857142857,"North Burnaby Capitol Hill"
"1112",2020-09-06,19.3857142857143,"North Burnaby Capitol Hill"
"1113",2020-09-13,15.4142857142857,"North Burnaby Capitol Hill"
"1114",2020-09-20,13.4142857142857,"North Burnaby Capitol Hill"
"1115",2020-09-27,16,"North Burnaby Capitol Hill"
"1116",2020-10-04,13.0142857142857,"North Burnaby Capitol Hill"
"1117",2020-10-11,8.45714285714286,"North Burnaby Capitol Hill"
"1118",2020-10-18,6.35714285714286,"North Burnaby Capitol Hill"
"1119",2020-10-25,5.85714285714286,"North Burnaby Capitol Hill"
"1120",2020-11-01,8.27142857142857,"North Burnaby Capitol Hill"
"1121",2020-11-08,2.21428571428571,"North Burnaby Capitol Hill"
"1122",2020-11-15,5.32857142857143,"North Burnaby Capitol Hill"
"1123",2020-11-22,4.17142857142857,"North Burnaby Capitol Hill"
"1124",2020-11-29,5.41428571428571,"North Burnaby Capitol Hill"
"1125",2020-12-06,4.88571428571429,"North Burnaby Capitol Hill"
"1126",2020-12-13,3.97142857142857,"North Burnaby Capitol Hill"
"1127",2020-12-20,2.55714285714286,"North Burnaby Capitol Hill"
"1128",2020-12-27,3.08,"North Burnaby Capitol Hill"
"1129",2021-01-03,4.42222222222222,"North Burnaby Capitol Hill"
"1130",2021-01-10,5.34285714285714,"North Burnaby Capitol Hill"
"1131",2021-01-17,3,"North Burnaby Capitol Hill"
"1132",2021-01-24,1.84285714285714,"North Burnaby Capitol Hill"
"1133",2021-01-31,3.57142857142857,"North Burnaby Capitol Hill"
"1134",2021-02-07,-1.94285714285714,"North Burnaby Capitol Hill"
"1135",2021-02-14,1.78571428571429,"North Burnaby Capitol Hill"
"1136",2021-02-21,3.17142857142857,"North Burnaby Capitol Hill"
"1137",2021-02-28,5.01428571428571,"North Burnaby Capitol Hill"
"1138",2021-03-07,5.07142857142857,"North Burnaby Capitol Hill"
"1139",2021-03-14,4.88571428571429,"North Burnaby Capitol Hill"
"1140",2021-03-21,4.47142857142857,"North Burnaby Capitol Hill"
"1141",2021-03-28,5.38571428571429,"North Burnaby Capitol Hill"
"1142",2021-04-04,4.94285714285714,"North Burnaby Capitol Hill"
"1143",2021-04-11,11.4571428571429,"North Burnaby Capitol Hill"
"1144",2021-04-18,11.9857142857143,"North Burnaby Capitol Hill"
"1145",2021-04-25,9.78571428571429,"North Burnaby Capitol Hill"
"1146",2021-05-02,9.87142857142857,"North Burnaby Capitol Hill"
"1147",2021-05-09,12.3714285714286,"North Burnaby Capitol Hill"
"1148",2021-05-16,11.6571428571429,"North Burnaby Capitol Hill"
"1149",2021-05-23,11.3285714285714,"North Burnaby Capitol Hill"
"1150",2021-05-30,16.7714285714286,"North Burnaby Capitol Hill"
"1151",2021-06-06,11.1142857142857,"North Burnaby Capitol Hill"
"1152",2021-06-13,15.0285714285714,"North Burnaby Capitol Hill"
"1153",2021-06-20,21.4857142857143,"North Burnaby Capitol Hill"
"1154",2021-06-27,24.1857142857143,"North Burnaby Capitol Hill"
"1155",2021-07-04,19.0285714285714,"North Burnaby Capitol Hill"
"1156",2021-07-11,18.0571428571429,"North Burnaby Capitol Hill"
"1157",2021-07-18,18.2285714285714,"North Burnaby Capitol Hill"
"1158",2021-07-25,21.6571428571429,"North Burnaby Capitol Hill"
"1159",2021-08-01,14.6714285714286,"North Burnaby Capitol Hill"
"1160",2021-08-08,18.9571428571429,"North Burnaby Capitol Hill"
"1161",2021-08-15,16.5714285714286,"North Burnaby Capitol Hill"
"1162",2021-08-22,15.1714285714286,"North Burnaby Capitol Hill"
"1163",2021-08-29,14.6714285714286,"North Burnaby Capitol Hill"
"1164",2021-09-05,16.9428571428571,"North Burnaby Capitol Hill"
"1165",2021-09-12,12.0142857142857,"North Burnaby Capitol Hill"
"1166",2021-09-19,13.7571428571429,"North Burnaby Capitol Hill"
"1167",2021-09-26,10.6142857142857,"North Burnaby Capitol Hill"
"1168",2021-10-03,8.5,"North Burnaby Capitol Hill"
"1169",2021-10-10,NA,"North Burnaby Capitol Hill"
"1170",2021-10-17,8.77142857142857,"North Burnaby Capitol Hill"
"1171",2021-10-24,7.32857142857143,"North Burnaby Capitol Hill"
"1172",2021-10-31,7.21428571428571,"North Burnaby Capitol Hill"
"1173",2021-11-07,5.35714285714286,"North Burnaby Capitol Hill"
"1174",2021-11-14,3.88571428571429,"North Burnaby Capitol Hill"
"1175",2021-11-21,4.38571428571429,"North Burnaby Capitol Hill"
"1176",2021-11-28,6.05714285714286,"North Burnaby Capitol Hill"
"1177",2021-12-05,1.55714285714286,"North Burnaby Capitol Hill"
"1178",2021-12-12,0.614285714285714,"North Burnaby Capitol Hill"
"1179",2021-12-19,-0.671428571428571,"North Burnaby Capitol Hill"
"1180",2021-12-26,-7.88333333333333,"North Burnaby Capitol Hill"
"1181",2022-01-02,-0.8,"North Burnaby Capitol Hill"
"1182",2022-01-09,4.98571428571429,"North Burnaby Capitol Hill"
"1183",2022-01-16,4.15714285714286,"North Burnaby Capitol Hill"
"1184",2022-01-23,1.22857142857143,"North Burnaby Capitol Hill"
"1185",2022-01-30,2.12857142857143,"North Burnaby Capitol Hill"
"1186",2022-02-06,4.85714285714286,"North Burnaby Capitol Hill"
"1187",2022-02-13,4.98571428571429,"North Burnaby Capitol Hill"
"1188",2022-02-20,-0.228571428571429,"North Burnaby Capitol Hill"
"1189",2022-02-27,5.5,"North Burnaby Capitol Hill"
"1190",2022-03-06,3.34285714285714,"North Burnaby Capitol Hill"
"1191",2022-03-13,NA,"North Burnaby Capitol Hill"
"1192",2022-03-20,6.01428571428571,"North Burnaby Capitol Hill"
"1193",2022-03-27,7.35714285714286,"North Burnaby Capitol Hill"
"1194",2022-04-03,6.7,"North Burnaby Capitol Hill"
"1195",2022-04-10,4.51428571428571,"North Burnaby Capitol Hill"
"1196",2022-04-17,6.61428571428571,"North Burnaby Capitol Hill"
"1197",2022-04-24,7.68571428571429,"North Burnaby Capitol Hill"
"1198",2022-05-01,8.31428571428571,"North Burnaby Capitol Hill"
"1199",2022-05-08,7.12857142857143,"North Burnaby Capitol Hill"
"1200",2022-05-15,9.95714285714286,"North Burnaby Capitol Hill"
"1201",2022-05-22,NA,"North Burnaby Capitol Hill"
"1202",2022-05-29,13.5,"North Burnaby Capitol Hill"
"1203",2022-06-05,13.3571428571429,"North Burnaby Capitol Hill"
"1204",2022-06-12,12.4714285714286,"North Burnaby Capitol Hill"
"1205",2022-06-19,15.0428571428571,"North Burnaby Capitol Hill"
"1206",2022-06-26,18.5571428571429,"North Burnaby Capitol Hill"
"1207",2022-07-03,15.7714285714286,"North Burnaby Capitol Hill"
"1208",2022-07-10,18.0428571428571,"North Burnaby Capitol Hill"
"1209",2022-07-17,17.1285714285714,"North Burnaby Capitol Hill"
"1210",2022-07-24,24.2857142857143,"North Burnaby Capitol Hill"
"1211",2022-07-31,19,"North Burnaby Capitol Hill"
"1212",2022-08-07,20.0857142857143,"North Burnaby Capitol Hill"
"1213",2022-08-14,22.0285714285714,"North Burnaby Capitol Hill"
"1214",2022-08-21,NA,"North Burnaby Capitol Hill"
"1215",2022-08-28,20.1285714285714,"North Burnaby Capitol Hill"
"1216",2022-09-04,16.5714285714286,"North Burnaby Capitol Hill"
"1217",2022-09-11,15.3714285714286,"North Burnaby Capitol Hill"
"1218",2022-09-18,15.4428571428571,"North Burnaby Capitol Hill"
"1219",2022-09-25,NA,"North Burnaby Capitol Hill"
"1220",2022-10-02,17.4857142857143,"North Burnaby Capitol Hill"
"1221",2022-10-09,15.0714285714286,"North Burnaby Capitol Hill"
"1222",2022-10-16,12.3714285714286,"North Burnaby Capitol Hill"
"1223",2022-10-23,6.67142857142857,"North Burnaby Capitol Hill"
"1224",2022-10-30,7.8,"North Burnaby Capitol Hill"
"1226",2017-01-01,-0.642857142857143,"Vancouver International Airport #2"
"1227",2017-01-08,-0.0999999999999999,"Vancouver International Airport #2"
"1228",2017-01-15,6.07142857142857,"Vancouver International Airport #2"
"1229",2017-01-22,4.65714285714286,"Vancouver International Airport #2"
"1230",2017-01-29,2.65714285714286,"Vancouver International Airport #2"
"1231",2017-02-05,0.957142857142857,"Vancouver International Airport #2"
"1232",2017-02-12,6.85714285714286,"Vancouver International Airport #2"
"1233",2017-02-19,4.38571428571429,"Vancouver International Airport #2"
"1234",2017-02-26,4.15714285714286,"Vancouver International Airport #2"
"1235",2017-03-05,3.77142857142857,"Vancouver International Airport #2"
"1236",2017-03-12,7.87142857142857,"Vancouver International Airport #2"
"1237",2017-03-19,7.58571428571429,"Vancouver International Airport #2"
"1238",2017-03-26,8,"Vancouver International Airport #2"
"1239",2017-04-02,8.55714285714286,"Vancouver International Airport #2"
"1240",2017-04-09,8.65714285714286,"Vancouver International Airport #2"
"1241",2017-04-16,10.7428571428571,"Vancouver International Airport #2"
"1242",2017-04-23,10.1428571428571,"Vancouver International Airport #2"
"1243",2017-04-30,11.8285714285714,"Vancouver International Airport #2"
"1244",2017-05-07,11.4428571428571,"Vancouver International Airport #2"
"1245",2017-05-14,11.9571428571429,"Vancouver International Airport #2"
"1246",2017-05-21,16.3428571428571,"Vancouver International Airport #2"
"1247",2017-05-28,15.8285714285714,"Vancouver International Airport #2"
"1248",2017-06-04,15.6,"Vancouver International Airport #2"
"1249",2017-06-11,14.5857142857143,"Vancouver International Airport #2"
"1250",2017-06-18,16.7714285714286,"Vancouver International Airport #2"
"1251",2017-06-25,18.6285714285714,"Vancouver International Airport #2"
"1252",2017-07-02,18.7857142857143,"Vancouver International Airport #2"
"1253",2017-07-09,18.3428571428571,"Vancouver International Airport #2"
"1254",2017-07-16,18.6142857142857,"Vancouver International Airport #2"
"1255",2017-07-23,18.7142857142857,"Vancouver International Airport #2"
"1256",2017-07-30,20.4857142857143,"Vancouver International Airport #2"
"1257",2017-08-06,20.1142857142857,"Vancouver International Airport #2"
"1258",2017-08-13,18,"Vancouver International Airport #2"
"1259",2017-08-20,18.8,"Vancouver International Airport #2"
"1260",2017-08-27,20.5285714285714,"Vancouver International Airport #2"
"1261",2017-09-03,20.2428571428571,"Vancouver International Airport #2"
"1262",2017-09-10,16.9428571428571,"Vancouver International Airport #2"
"1263",2017-09-17,13.4142857142857,"Vancouver International Airport #2"
"1264",2017-09-24,15.4,"Vancouver International Airport #2"
"1265",2017-10-01,12.4,"Vancouver International Airport #2"
"1266",2017-10-08,9.38571428571429,"Vancouver International Airport #2"
"1267",2017-10-15,10.4571428571429,"Vancouver International Airport #2"
"1268",2017-10-22,10.8714285714286,"Vancouver International Airport #2"
"1269",2017-10-29,6.48571428571429,"Vancouver International Airport #2"
"1270",2017-11-05,6.22857142857143,"Vancouver International Airport #2"
"1271",2017-11-12,8.38571428571429,"Vancouver International Airport #2"
"1272",2017-11-19,9.31428571428571,"Vancouver International Airport #2"
"1273",2017-11-26,7.08571428571429,"Vancouver International Airport #2"
"1274",2017-12-03,3.42857142857143,"Vancouver International Airport #2"
"1275",2017-12-10,5.1,"Vancouver International Airport #2"
"1276",2017-12-17,3,"Vancouver International Airport #2"
"1277",2017-12-24,1.32857142857143,"Vancouver International Airport #2"
"1278",2017-12-31,0.4,"Vancouver International Airport #2"
"1279",2018-01-07,4.63846153846154,"Vancouver International Airport #2"
"1280",2018-01-14,7.34285714285714,"Vancouver International Airport #2"
"1281",2018-01-21,6,"Vancouver International Airport #2"
"1282",2018-01-28,6.77142857142857,"Vancouver International Airport #2"
"1283",2018-02-04,7.1,"Vancouver International Airport #2"
"1284",2018-02-11,3.7,"Vancouver International Airport #2"
"1285",2018-02-18,-0.457142857142857,"Vancouver International Airport #2"
"1286",2018-02-25,4.6,"Vancouver International Airport #2"
"1287",2018-03-04,5.35714285714286,"Vancouver International Airport #2"
"1288",2018-03-11,7.88571428571429,"Vancouver International Airport #2"
"1289",2018-03-18,6.85714285714286,"Vancouver International Airport #2"
"1290",2018-03-25,7.95714285714286,"Vancouver International Airport #2"
"1291",2018-04-01,8.08571428571429,"Vancouver International Airport #2"
"1292",2018-04-08,9.4,"Vancouver International Airport #2"
"1293",2018-04-15,9.18571428571429,"Vancouver International Airport #2"
"1294",2018-04-22,12.5285714285714,"Vancouver International Airport #2"
"1295",2018-04-29,12.6285714285714,"Vancouver International Airport #2"
"1296",2018-05-06,15,"Vancouver International Airport #2"
"1297",2018-05-13,16.9714285714286,"Vancouver International Airport #2"
"1298",2018-05-20,15.9857142857143,"Vancouver International Airport #2"
"1299",2018-05-27,15,"Vancouver International Airport #2"
"1300",2018-06-03,14.0428571428571,"Vancouver International Airport #2"
"1301",2018-06-10,15.0714285714286,"Vancouver International Airport #2"
"1302",2018-06-17,NA,"Vancouver International Airport #2"
"1303",2018-06-24,16.4285714285714,"Vancouver International Airport #2"
"1304",2018-07-01,18.2714285714286,"Vancouver International Airport #2"
"1305",2018-07-08,18.8714285714286,"Vancouver International Airport #2"
"1306",2018-07-15,19.1428571428571,"Vancouver International Airport #2"
"1307",2018-07-22,21.8571428571429,"Vancouver International Airport #2"
"1308",2018-07-29,19.9285714285714,"Vancouver International Airport #2"
"1309",2018-08-05,22.1428571428571,"Vancouver International Airport #2"
"1310",2018-08-12,18.8571428571429,"Vancouver International Airport #2"
"1311",2018-08-19,18.2,"Vancouver International Airport #2"
"1312",2018-08-26,16.9285714285714,"Vancouver International Airport #2"
"1313",2018-09-02,17.1,"Vancouver International Airport #2"
"1314",2018-09-09,14.6714285714286,"Vancouver International Airport #2"
"1315",2018-09-16,13.4571428571429,"Vancouver International Airport #2"
"1316",2018-09-23,14.0428571428571,"Vancouver International Airport #2"
"1317",2018-09-30,10.9571428571429,"Vancouver International Airport #2"
"1318",2018-10-07,11.3142857142857,"Vancouver International Airport #2"
"1319",2018-10-14,10.7142857142857,"Vancouver International Airport #2"
"1320",2018-10-21,11.1714285714286,"Vancouver International Airport #2"
"1321",2018-10-28,11.0428571428571,"Vancouver International Airport #2"
"1322",2018-11-04,8.48571428571429,"Vancouver International Airport #2"
"1323",2018-11-11,7.61428571428571,"Vancouver International Airport #2"
"1324",2018-11-18,6.84285714285714,"Vancouver International Airport #2"
"1325",2018-11-25,8.54285714285714,"Vancouver International Airport #2"
"1326",2018-12-02,2.67142857142857,"Vancouver International Airport #2"
"1327",2018-12-09,7.47142857142857,"Vancouver International Airport #2"
"1328",2018-12-16,7.77142857142857,"Vancouver International Airport #2"
"1329",2018-12-23,5.35714285714286,"Vancouver International Airport #2"
"1330",2018-12-30,4.55,"Vancouver International Airport #2"
"1331",2019-01-06,6.625,"Vancouver International Airport #2"
"1332",2019-01-13,5.51428571428571,"Vancouver International Airport #2"
"1333",2019-01-20,5.81428571428571,"Vancouver International Airport #2"
"1334",2019-01-27,5.47142857142857,"Vancouver International Airport #2"
"1335",2019-02-03,-1.08571428571429,"Vancouver International Airport #2"
"1336",2019-02-10,-0.571428571428571,"Vancouver International Airport #2"
"1337",2019-02-17,2.78571428571429,"Vancouver International Airport #2"
"1338",2019-02-24,2.64285714285714,"Vancouver International Airport #2"
"1339",2019-03-03,2.55714285714286,"Vancouver International Airport #2"
"1340",2019-03-10,NA,"Vancouver International Airport #2"
"1341",2019-03-17,10.7571428571429,"Vancouver International Airport #2"
"1342",2019-03-24,9.85714285714286,"Vancouver International Airport #2"
"1343",2019-03-31,11.0571428571429,"Vancouver International Airport #2"
"1344",2019-04-07,9.08571428571429,"Vancouver International Airport #2"
"1345",2019-04-14,9.97142857142857,"Vancouver International Airport #2"
"1346",2019-04-21,10.4428571428571,"Vancouver International Airport #2"
"1347",2019-04-28,11.9428571428571,"Vancouver International Airport #2"
"1348",2019-05-05,15.9142857142857,"Vancouver International Airport #2"
"1349",2019-05-12,13.9285714285714,"Vancouver International Airport #2"
"1350",2019-05-19,14.2857142857143,"Vancouver International Airport #2"
"1351",2019-05-26,16.4857142857143,"Vancouver International Airport #2"
"1352",2019-06-02,14.5285714285714,"Vancouver International Airport #2"
"1353",2019-06-09,18.0714285714286,"Vancouver International Airport #2"
"1354",2019-06-16,16.2142857142857,"Vancouver International Airport #2"
"1355",2019-06-23,16.0714285714286,"Vancouver International Airport #2"
"1356",2019-06-30,16.7857142857143,"Vancouver International Airport #2"
"1357",2019-07-07,17.8857142857143,"Vancouver International Airport #2"
"1358",2019-07-14,18.1285714285714,"Vancouver International Airport #2"
"1359",2019-07-21,19.9,"Vancouver International Airport #2"
"1360",2019-07-28,19.5428571428571,"Vancouver International Airport #2"
"1361",2019-08-04,19.1714285714286,"Vancouver International Airport #2"
"1362",2019-08-11,18.7857142857143,"Vancouver International Airport #2"
"1363",2019-08-18,17.4857142857143,"Vancouver International Airport #2"
"1364",2019-08-25,18.9714285714286,"Vancouver International Airport #2"
"1365",2019-09-01,18.5428571428571,"Vancouver International Airport #2"
"1366",2019-09-08,16.2,"Vancouver International Airport #2"
"1367",2019-09-15,14.3,"Vancouver International Airport #2"
"1368",2019-09-22,13.1714285714286,"Vancouver International Airport #2"
"1369",2019-09-29,11.1571428571429,"Vancouver International Airport #2"
"1370",2019-10-06,8.52857142857143,"Vancouver International Airport #2"
"1371",2019-10-13,9.94285714285714,"Vancouver International Airport #2"
"1372",2019-10-20,9.27142857142857,"Vancouver International Airport #2"
"1373",2019-10-27,NA,"Vancouver International Airport #2"
"1374",2019-11-03,NA,"Vancouver International Airport #2"
"1375",2019-11-10,NA,"Vancouver International Airport #2"
"1376",2019-11-17,6.8,"Vancouver International Airport #2"
"1377",2019-11-24,3.3,"Vancouver International Airport #2"
"1378",2019-12-01,5.42857142857143,"Vancouver International Airport #2"
"1379",2019-12-08,5.57142857142857,"Vancouver International Airport #2"
"1380",2019-12-15,NA,"Vancouver International Airport #2"
"1381",2019-12-22,3.64285714285714,"Vancouver International Airport #2"
"1382",2019-12-29,7.06666666666667,"Vancouver International Airport #2"
"1383",2020-01-05,5.18181818181818,"Vancouver International Airport #2"
"1384",2020-01-12,-2.24285714285714,"Vancouver International Airport #2"
"1385",2020-01-19,7.11428571428571,"Vancouver International Airport #2"
"1386",2020-01-26,7.24285714285714,"Vancouver International Airport #2"
"1387",2020-02-02,2.91428571428571,"Vancouver International Airport #2"
"1388",2020-02-09,4.92857142857143,"Vancouver International Airport #2"
"1389",2020-02-16,4.11428571428571,"Vancouver International Airport #2"
"1390",2020-02-23,5.67142857142857,"Vancouver International Airport #2"
"1391",2020-03-01,5.15714285714286,"Vancouver International Airport #2"
"1392",2020-03-08,4.27142857142857,"Vancouver International Airport #2"
"1393",2020-03-15,5.91428571428571,"Vancouver International Airport #2"
"1394",2020-03-22,6.64285714285714,"Vancouver International Airport #2"
"1395",2020-03-29,6.01428571428571,"Vancouver International Airport #2"
"1396",2020-04-05,8.9,"Vancouver International Airport #2"
"1397",2020-04-12,11.2714285714286,"Vancouver International Airport #2"
"1398",2020-04-19,11.4142857142857,"Vancouver International Airport #2"
"1399",2020-04-26,11.4571428571429,"Vancouver International Airport #2"
"1400",2020-05-03,12.8428571428571,"Vancouver International Airport #2"
"1401",2020-05-10,NA,"Vancouver International Airport #2"
"1402",2020-05-17,NA,"Vancouver International Airport #2"
"1403",2020-05-24,15.1,"Vancouver International Airport #2"
"1404",2020-05-31,13.1714285714286,"Vancouver International Airport #2"
"1405",2020-06-07,14.1428571428571,"Vancouver International Airport #2"
"1406",2020-06-14,15.5142857142857,"Vancouver International Airport #2"
"1407",2020-06-21,17,"Vancouver International Airport #2"
"1408",2020-06-28,14.8571428571429,"Vancouver International Airport #2"
"1409",2020-07-05,15.9714285714286,"Vancouver International Airport #2"
"1410",2020-07-12,17.8285714285714,"Vancouver International Airport #2"
"1411",2020-07-19,18.4142857142857,"Vancouver International Airport #2"
"1412",2020-07-26,20.2571428571429,"Vancouver International Airport #2"
"1413",2020-08-02,18.4,"Vancouver International Airport #2"
"1414",2020-08-09,17.6428571428571,"Vancouver International Airport #2"
"1415",2020-08-16,20.0285714285714,"Vancouver International Airport #2"
"1416",2020-08-23,16.9,"Vancouver International Airport #2"
"1417",2020-08-30,17.1285714285714,"Vancouver International Airport #2"
"1418",2020-09-06,18.5571428571429,"Vancouver International Airport #2"
"1419",2020-09-13,15.9857142857143,"Vancouver International Airport #2"
"1420",2020-09-20,15,"Vancouver International Airport #2"
"1421",2020-09-27,14.7857142857143,"Vancouver International Airport #2"
"1422",2020-10-04,13.4857142857143,"Vancouver International Airport #2"
"1423",2020-10-11,10.4571428571429,"Vancouver International Airport #2"
"1424",2020-10-18,8.18571428571429,"Vancouver International Airport #2"
"1425",2020-10-25,7.71428571428571,"Vancouver International Airport #2"
"1426",2020-11-01,9.17142857142857,"Vancouver International Airport #2"
"1427",2020-11-08,4.17142857142857,"Vancouver International Airport #2"
"1428",2020-11-15,7.35714285714286,"Vancouver International Airport #2"
"1429",2020-11-22,6.27142857142857,"Vancouver International Airport #2"
"1430",2020-11-29,5.54285714285714,"Vancouver International Airport #2"
"1431",2020-12-06,7,"Vancouver International Airport #2"
"1432",2020-12-13,6.84285714285714,"Vancouver International Airport #2"
"1433",2020-12-20,4.41428571428571,"Vancouver International Airport #2"
"1434",2020-12-27,5.5,"Vancouver International Airport #2"
"1435",2021-01-03,6.8,"Vancouver International Airport #2"
"1436",2021-01-10,7.78571428571429,"Vancouver International Airport #2"
"1437",2021-01-17,4.54285714285714,"Vancouver International Airport #2"
"1438",2021-01-24,4.1,"Vancouver International Airport #2"
"1439",2021-01-31,5.92857142857143,"Vancouver International Airport #2"
"1440",2021-02-07,-0.0571428571428572,"Vancouver International Airport #2"
"1441",2021-02-14,3.78571428571429,"Vancouver International Airport #2"
"1442",2021-02-21,5.88571428571429,"Vancouver International Airport #2"
"1443",2021-02-28,7.2,"Vancouver International Airport #2"
"1444",2021-03-07,7.11428571428571,"Vancouver International Airport #2"
"1445",2021-03-14,6.94285714285714,"Vancouver International Airport #2"
"1446",2021-03-21,7.28571428571429,"Vancouver International Airport #2"
"1447",2021-03-28,7.6,"Vancouver International Airport #2"
"1448",2021-04-04,7.15714285714286,"Vancouver International Airport #2"
"1449",2021-04-11,11.0571428571429,"Vancouver International Airport #2"
"1450",2021-04-18,12.9428571428571,"Vancouver International Airport #2"
"1451",2021-04-25,11.9857142857143,"Vancouver International Airport #2"
"1452",2021-05-02,11.5714285714286,"Vancouver International Airport #2"
"1453",2021-05-09,13.7,"Vancouver International Airport #2"
"1454",2021-05-16,13.0857142857143,"Vancouver International Airport #2"
"1455",2021-05-23,13.3428571428571,"Vancouver International Airport #2"
"1456",2021-05-30,17.2428571428571,"Vancouver International Airport #2"
"1457",2021-06-06,13.5571428571429,"Vancouver International Airport #2"
"1458",2021-06-13,16.8,"Vancouver International Airport #2"
"1459",2021-06-20,21.2714285714286,"Vancouver International Airport #2"
"1460",2021-06-27,23.2285714285714,"Vancouver International Airport #2"
"1461",2021-07-04,19.2285714285714,"Vancouver International Airport #2"
"1462",2021-07-11,17.9,"Vancouver International Airport #2"
"1463",2021-07-18,18.8714285714286,"Vancouver International Airport #2"
"1464",2021-07-25,21.1,"Vancouver International Airport #2"
"1465",2021-08-01,20.2,"Vancouver International Airport #2"
"1466",2021-08-08,21.3857142857143,"Vancouver International Airport #2"
"1467",2021-08-15,17.7142857142857,"Vancouver International Airport #2"
"1468",2021-08-22,16.6714285714286,"Vancouver International Airport #2"
"1469",2021-08-29,15.8142857142857,"Vancouver International Airport #2"
"1470",2021-09-05,17.6571428571429,"Vancouver International Airport #2"
"1471",2021-09-12,13.7714285714286,"Vancouver International Airport #2"
"1472",2021-09-19,14.3714285714286,"Vancouver International Airport #2"
"1473",2021-09-26,12.6142857142857,"Vancouver International Airport #2"
"1474",2021-10-03,10.4571428571429,"Vancouver International Airport #2"
"1475",2021-10-10,9.02857142857143,"Vancouver International Airport #2"
"1476",2021-10-17,NA,"Vancouver International Airport #2"
"1477",2021-10-24,9.48571428571429,"Vancouver International Airport #2"
"1478",2021-10-31,8.6,"Vancouver International Airport #2"
"1479",2021-11-07,7.75714285714286,"Vancouver International Airport #2"
"1480",2021-11-14,5.81428571428571,"Vancouver International Airport #2"
"1481",2021-11-21,6.72857142857143,"Vancouver International Airport #2"
"1482",2021-11-28,8,"Vancouver International Airport #2"
"1483",2021-12-05,3.67142857142857,"Vancouver International Airport #2"
"1484",2021-12-12,3.25714285714286,"Vancouver International Airport #2"
"1485",2021-12-19,1.02857142857143,"Vancouver International Airport #2"
"1486",2021-12-26,-6.85,"Vancouver International Airport #2"
"1487",2022-01-02,0.975,"Vancouver International Airport #2"
"1488",2022-01-09,6.77142857142857,"Vancouver International Airport #2"
"1489",2022-01-16,5.87142857142857,"Vancouver International Airport #2"
"1490",2022-01-23,2.18571428571429,"Vancouver International Airport #2"
"1491",2022-01-30,4.22857142857143,"Vancouver International Airport #2"
"1492",2022-02-06,5.78571428571429,"Vancouver International Airport #2"
"1493",2022-02-13,6.25714285714286,"Vancouver International Airport #2"
"1494",2022-02-20,1.41428571428571,"Vancouver International Airport #2"
"1495",2022-02-27,7.44285714285714,"Vancouver International Airport #2"
"1496",2022-03-06,5.04285714285714,"Vancouver International Airport #2"
"1497",2022-03-13,6.95714285714286,"Vancouver International Airport #2"
"1498",2022-03-20,7.75714285714286,"Vancouver International Airport #2"
"1499",2022-03-27,8.51428571428571,"Vancouver International Airport #2"
"1500",2022-04-03,8.02857142857143,"Vancouver International Airport #2"
"1501",2022-04-10,5.65714285714286,"Vancouver International Airport #2"
"1502",2022-04-17,8.38571428571429,"Vancouver International Airport #2"
"1503",2022-04-24,9.38571428571429,"Vancouver International Airport #2"
"1504",2022-05-01,9.85714285714286,"Vancouver International Airport #2"
"1505",2022-05-08,9.4,"Vancouver International Airport #2"
"1506",2022-05-15,11.4285714285714,"Vancouver International Airport #2"
"1507",2022-05-22,NA,"Vancouver International Airport #2"
"1508",2022-05-29,14.4571428571429,"Vancouver International Airport #2"
"1509",2022-06-05,14.6571428571429,"Vancouver International Airport #2"
"1510",2022-06-12,13.9571428571429,"Vancouver International Airport #2"
"1511",2022-06-19,15.7285714285714,"Vancouver International Airport #2"
"1512",2022-06-26,18.2142857142857,"Vancouver International Airport #2"
"1513",2022-07-03,16.7285714285714,"Vancouver International Airport #2"
"1514",2022-07-10,18.5,"Vancouver International Airport #2"
"1515",2022-07-17,17.2142857142857,"Vancouver International Airport #2"
"1516",2022-07-24,22.6,"Vancouver International Airport #2"
"1517",2022-07-31,19.1142857142857,"Vancouver International Airport #2"
"1518",2022-08-07,19.5142857142857,"Vancouver International Airport #2"
"1519",2022-08-14,20.8428571428571,"Vancouver International Airport #2"
"1520",2022-08-21,19.4,"Vancouver International Airport #2"
"1521",2022-08-28,19.6,"Vancouver International Airport #2"
"1522",2022-09-04,16.7428571428571,"Vancouver International Airport #2"
"1523",2022-09-11,15.9142857142857,"Vancouver International Airport #2"
"1524",2022-09-18,15.1714285714286,"Vancouver International Airport #2"
"1525",2022-09-25,NA,"Vancouver International Airport #2"
"1526",2022-10-02,15.1428571428571,"Vancouver International Airport #2"
"1527",2022-10-09,13.1714285714286,"Vancouver International Airport #2"
"1528",2022-10-16,11.8571428571429,"Vancouver International Airport #2"
"1529",2022-10-23,9.02857142857143,"Vancouver International Airport #2"
"1530",2022-10-30,9.8,"Vancouver International Airport #2"
